-- MySQL dump 10.13  Distrib 8.0.38, for macos14 (arm64)
--
-- Host: vxsct10016.avnam.net    Database: hunglin
-- ------------------------------------------------------
-- Server version	5.5.5-10.6.18-MariaDB

/*!40101 SET @OLD_CHARACTER_SET_CLIENT=@@CHARACTER_SET_CLIENT */;
/*!40101 SET @OLD_CHARACTER_SET_RESULTS=@@CHARACTER_SET_RESULTS */;
/*!40101 SET @OLD_COLLATION_CONNECTION=@@COLLATION_CONNECTION */;
/*!50503 SET NAMES utf8 */;
/*!40103 SET @OLD_TIME_ZONE=@@TIME_ZONE */;
/*!40103 SET TIME_ZONE='+00:00' */;
/*!40014 SET @OLD_UNIQUE_CHECKS=@@UNIQUE_CHECKS, UNIQUE_CHECKS=0 */;
/*!40014 SET @OLD_FOREIGN_KEY_CHECKS=@@FOREIGN_KEY_CHECKS, FOREIGN_KEY_CHECKS=0 */;
/*!40101 SET @OLD_SQL_MODE=@@SQL_MODE, SQL_MODE='NO_AUTO_VALUE_ON_ZERO' */;
/*!40111 SET @OLD_SQL_NOTES=@@SQL_NOTES, SQL_NOTES=0 */;

--
-- Table structure for table `auth_group`
--

DROP TABLE IF EXISTS `auth_group`;
/*!40101 SET @saved_cs_client     = @@character_set_client */;
/*!50503 SET character_set_client = utf8mb4 */;
CREATE TABLE `auth_group` (
  `id` int(11) NOT NULL AUTO_INCREMENT,
  `name` varchar(150) NOT NULL,
  PRIMARY KEY (`id`),
  UNIQUE KEY `name` (`name`)
) ENGINE=InnoDB DEFAULT CHARSET=latin1 COLLATE=latin1_swedish_ci;
/*!40101 SET character_set_client = @saved_cs_client */;

--
-- Dumping data for table `auth_group`
--

LOCK TABLES `auth_group` WRITE;
/*!40000 ALTER TABLE `auth_group` DISABLE KEYS */;
/*!40000 ALTER TABLE `auth_group` ENABLE KEYS */;
UNLOCK TABLES;

--
-- Table structure for table `auth_group_permissions`
--

DROP TABLE IF EXISTS `auth_group_permissions`;
/*!40101 SET @saved_cs_client     = @@character_set_client */;
/*!50503 SET character_set_client = utf8mb4 */;
CREATE TABLE `auth_group_permissions` (
  `id` bigint(20) NOT NULL AUTO_INCREMENT,
  `group_id` int(11) NOT NULL,
  `permission_id` int(11) NOT NULL,
  PRIMARY KEY (`id`),
  UNIQUE KEY `auth_group_permissions_group_id_permission_id_0cd325b0_uniq` (`group_id`,`permission_id`),
  KEY `auth_group_permissio_permission_id_84c5c92e_fk_auth_perm` (`permission_id`),
  CONSTRAINT `auth_group_permissio_permission_id_84c5c92e_fk_auth_perm` FOREIGN KEY (`permission_id`) REFERENCES `auth_permission` (`id`),
  CONSTRAINT `auth_group_permissions_group_id_b120cbf9_fk_auth_group_id` FOREIGN KEY (`group_id`) REFERENCES `auth_group` (`id`)
) ENGINE=InnoDB DEFAULT CHARSET=latin1 COLLATE=latin1_swedish_ci;
/*!40101 SET character_set_client = @saved_cs_client */;

--
-- Dumping data for table `auth_group_permissions`
--

LOCK TABLES `auth_group_permissions` WRITE;
/*!40000 ALTER TABLE `auth_group_permissions` DISABLE KEYS */;
/*!40000 ALTER TABLE `auth_group_permissions` ENABLE KEYS */;
UNLOCK TABLES;

--
-- Table structure for table `auth_permission`
--

DROP TABLE IF EXISTS `auth_permission`;
/*!40101 SET @saved_cs_client     = @@character_set_client */;
/*!50503 SET character_set_client = utf8mb4 */;
CREATE TABLE `auth_permission` (
  `id` int(11) NOT NULL AUTO_INCREMENT,
  `name` varchar(255) NOT NULL,
  `content_type_id` int(11) NOT NULL,
  `codename` varchar(100) NOT NULL,
  PRIMARY KEY (`id`),
  UNIQUE KEY `auth_permission_content_type_id_codename_01ab375a_uniq` (`content_type_id`,`codename`),
  CONSTRAINT `auth_permission_content_type_id_2f476e4b_fk_django_co` FOREIGN KEY (`content_type_id`) REFERENCES `django_content_type` (`id`)
) ENGINE=InnoDB AUTO_INCREMENT=81 DEFAULT CHARSET=latin1 COLLATE=latin1_swedish_ci;
/*!40101 SET character_set_client = @saved_cs_client */;

--
-- Dumping data for table `auth_permission`
--

LOCK TABLES `auth_permission` WRITE;
/*!40000 ALTER TABLE `auth_permission` DISABLE KEYS */;
INSERT INTO `auth_permission` VALUES (1,'Can add log entry',1,'add_logentry'),(2,'Can change log entry',1,'change_logentry'),(3,'Can delete log entry',1,'delete_logentry'),(4,'Can view log entry',1,'view_logentry'),(5,'Can add permission',2,'add_permission'),(6,'Can change permission',2,'change_permission'),(7,'Can delete permission',2,'delete_permission'),(8,'Can view permission',2,'view_permission'),(9,'Can add group',3,'add_group'),(10,'Can change group',3,'change_group'),(11,'Can delete group',3,'delete_group'),(12,'Can view group',3,'view_group'),(13,'Can add user',4,'add_user'),(14,'Can change user',4,'change_user'),(15,'Can delete user',4,'delete_user'),(16,'Can view user',4,'view_user'),(17,'Can add content type',5,'add_contenttype'),(18,'Can change content type',5,'change_contenttype'),(19,'Can delete content type',5,'delete_contenttype'),(20,'Can view content type',5,'view_contenttype'),(21,'Can add session',6,'add_session'),(22,'Can change session',6,'change_session'),(23,'Can delete session',6,'delete_session'),(24,'Can view session',6,'view_session'),(25,'Can add casa',7,'add_casa'),(26,'Can change casa',7,'change_casa'),(27,'Can delete casa',7,'delete_casa'),(28,'Can view casa',7,'view_casa'),(29,'Can add evento',8,'add_evento'),(30,'Can change evento',8,'change_evento'),(31,'Can delete evento',8,'delete_evento'),(32,'Can view evento',8,'view_evento'),(33,'Can add grado',9,'add_grado'),(34,'Can change grado',9,'change_grado'),(35,'Can delete grado',9,'delete_grado'),(36,'Can view grado',9,'view_grado'),(37,'Can add tipo cursante',10,'add_tipocursante'),(38,'Can change tipo cursante',10,'change_tipocursante'),(39,'Can delete tipo cursante',10,'delete_tipocursante'),(40,'Can view tipo cursante',10,'view_tipocursante'),(41,'Can add tipo doc',11,'add_tipodoc'),(42,'Can change tipo doc',11,'change_tipodoc'),(43,'Can delete tipo doc',11,'delete_tipodoc'),(44,'Can view tipo doc',11,'view_tipodoc'),(45,'Can add tipo estado',12,'add_tipoestado'),(46,'Can change tipo estado',12,'change_tipoestado'),(47,'Can delete tipo estado',12,'delete_tipoestado'),(48,'Can view tipo estado',12,'view_tipoestado'),(49,'Can add tipo evento',13,'add_tipoevento'),(50,'Can change tipo evento',13,'change_tipoevento'),(51,'Can delete tipo evento',13,'delete_tipoevento'),(52,'Can view tipo evento',13,'view_tipoevento'),(53,'Can add tipo extra',14,'add_tipoextra'),(54,'Can change tipo extra',14,'change_tipoextra'),(55,'Can delete tipo extra',14,'delete_tipoextra'),(56,'Can view tipo extra',14,'view_tipoextra'),(57,'Can add persona',15,'add_persona'),(58,'Can change persona',15,'change_persona'),(59,'Can delete persona',15,'delete_persona'),(60,'Can view persona',15,'view_persona'),(61,'Can add agenda',16,'add_agenda'),(62,'Can change agenda',16,'change_agenda'),(63,'Can delete agenda',16,'delete_agenda'),(64,'Can view agenda',16,'view_agenda'),(65,'Can add cursante',17,'add_cursante'),(66,'Can change cursante',17,'change_cursante'),(67,'Can delete cursante',17,'delete_cursante'),(68,'Can view cursante',17,'view_cursante'),(69,'Can add persona extra',18,'add_personaextra'),(70,'Can change persona extra',18,'change_personaextra'),(71,'Can delete persona extra',18,'delete_personaextra'),(72,'Can view persona extra',18,'view_personaextra'),(73,'Can add tabla',19,'add_tabla'),(74,'Can change tabla',19,'change_tabla'),(75,'Can delete tabla',19,'delete_tabla'),(76,'Can view tabla',19,'view_tabla'),(77,'Can add frase',20,'add_frase'),(78,'Can change frase',20,'change_frase'),(79,'Can delete frase',20,'delete_frase'),(80,'Can view frase',20,'view_frase');
/*!40000 ALTER TABLE `auth_permission` ENABLE KEYS */;
UNLOCK TABLES;

--
-- Table structure for table `auth_user`
--

DROP TABLE IF EXISTS `auth_user`;
/*!40101 SET @saved_cs_client     = @@character_set_client */;
/*!50503 SET character_set_client = utf8mb4 */;
CREATE TABLE `auth_user` (
  `id` int(11) NOT NULL AUTO_INCREMENT,
  `password` varchar(128) NOT NULL,
  `last_login` datetime(6) DEFAULT NULL,
  `is_superuser` tinyint(1) NOT NULL,
  `username` varchar(150) NOT NULL,
  `first_name` varchar(150) NOT NULL,
  `last_name` varchar(150) NOT NULL,
  `email` varchar(254) NOT NULL,
  `is_staff` tinyint(1) NOT NULL,
  `is_active` tinyint(1) NOT NULL,
  `date_joined` datetime(6) NOT NULL,
  PRIMARY KEY (`id`),
  UNIQUE KEY `username` (`username`)
) ENGINE=InnoDB AUTO_INCREMENT=6 DEFAULT CHARSET=latin1 COLLATE=latin1_swedish_ci;
/*!40101 SET character_set_client = @saved_cs_client */;

--
-- Dumping data for table `auth_user`
--

LOCK TABLES `auth_user` WRITE;
/*!40000 ALTER TABLE `auth_user` DISABLE KEYS */;
INSERT INTO `auth_user` VALUES (1,'pbkdf2_sha256$720000$2BtGE6ZPyX826v12kUGkbD$uPbR9JZqEn2fWzf9ZDVfjdmFIbA5GhVGRwVxi1a+J4g=','2024-05-23 14:45:23.359816',1,'hunglin','','','',1,1,'2024-05-23 14:44:33.639650'),(2,'pbkdf2_sha256$720000$yL6VLVXjnWNpy03nRAxvJy$OumR0Yry6qhTsiDovzZ8UmrPaO4p0IouXCDpJG+k4Fs=','2024-07-23 17:42:00.235918',1,'erichard','Enrique','Richard','enrique.richard@gmail.com',1,1,'2024-05-23 17:19:42.989190'),(3,'pbkdf2_sha256$720000$ZG7lqlJvQ8eEFkLU9yCX24$OEctPI0GVrEOisy7kicdbC5/1xXbrc9IzQXD4E4Kcgk=','2024-08-05 12:32:39.926151',1,'dpijuan','Daniel','Pijuan','dpijuan@gmail.com',1,1,'2024-06-03 14:54:37.749138'),(4,'pbkdf2_sha256$720000$eQzZKpsQIVMUC5qBYoDGkz$IOcardB6BhJxREvlBPAcoCKIQQTCTjntUjWh5Ere4FY=',NULL,0,'hduran','Héctor','Durán Agra','hduranagra@gmail.com',1,1,'2024-06-17 22:14:58.790275'),(5,'pbkdf2_sha256$720000$YT5F4WYnLXxrUi6WqQUyjB$TF1ves3TuCpjXvz9cHqEPvH6K5octQhcy07P2kgjZLM=','2024-06-18 14:27:54.550876',0,'rgsilberberg','Roxana','Silberberg','rgsilberberg@gmail.com',1,1,'2024-06-17 22:37:54.765951');
/*!40000 ALTER TABLE `auth_user` ENABLE KEYS */;
UNLOCK TABLES;

--
-- Table structure for table `auth_user_groups`
--

DROP TABLE IF EXISTS `auth_user_groups`;
/*!40101 SET @saved_cs_client     = @@character_set_client */;
/*!50503 SET character_set_client = utf8mb4 */;
CREATE TABLE `auth_user_groups` (
  `id` bigint(20) NOT NULL AUTO_INCREMENT,
  `user_id` int(11) NOT NULL,
  `group_id` int(11) NOT NULL,
  PRIMARY KEY (`id`),
  UNIQUE KEY `auth_user_groups_user_id_group_id_94350c0c_uniq` (`user_id`,`group_id`),
  KEY `auth_user_groups_group_id_97559544_fk_auth_group_id` (`group_id`),
  CONSTRAINT `auth_user_groups_group_id_97559544_fk_auth_group_id` FOREIGN KEY (`group_id`) REFERENCES `auth_group` (`id`),
  CONSTRAINT `auth_user_groups_user_id_6a12ed8b_fk_auth_user_id` FOREIGN KEY (`user_id`) REFERENCES `auth_user` (`id`)
) ENGINE=InnoDB DEFAULT CHARSET=latin1 COLLATE=latin1_swedish_ci;
/*!40101 SET character_set_client = @saved_cs_client */;

--
-- Dumping data for table `auth_user_groups`
--

LOCK TABLES `auth_user_groups` WRITE;
/*!40000 ALTER TABLE `auth_user_groups` DISABLE KEYS */;
/*!40000 ALTER TABLE `auth_user_groups` ENABLE KEYS */;
UNLOCK TABLES;

--
-- Table structure for table `auth_user_user_permissions`
--

DROP TABLE IF EXISTS `auth_user_user_permissions`;
/*!40101 SET @saved_cs_client     = @@character_set_client */;
/*!50503 SET character_set_client = utf8mb4 */;
CREATE TABLE `auth_user_user_permissions` (
  `id` bigint(20) NOT NULL AUTO_INCREMENT,
  `user_id` int(11) NOT NULL,
  `permission_id` int(11) NOT NULL,
  PRIMARY KEY (`id`),
  UNIQUE KEY `auth_user_user_permissions_user_id_permission_id_14a6b632_uniq` (`user_id`,`permission_id`),
  KEY `auth_user_user_permi_permission_id_1fbb5f2c_fk_auth_perm` (`permission_id`),
  CONSTRAINT `auth_user_user_permi_permission_id_1fbb5f2c_fk_auth_perm` FOREIGN KEY (`permission_id`) REFERENCES `auth_permission` (`id`),
  CONSTRAINT `auth_user_user_permissions_user_id_a95ead1b_fk_auth_user_id` FOREIGN KEY (`user_id`) REFERENCES `auth_user` (`id`)
) ENGINE=InnoDB DEFAULT CHARSET=latin1 COLLATE=latin1_swedish_ci;
/*!40101 SET character_set_client = @saved_cs_client */;

--
-- Dumping data for table `auth_user_user_permissions`
--

LOCK TABLES `auth_user_user_permissions` WRITE;
/*!40000 ALTER TABLE `auth_user_user_permissions` DISABLE KEYS */;
/*!40000 ALTER TABLE `auth_user_user_permissions` ENABLE KEYS */;
UNLOCK TABLES;

--
-- Table structure for table `bosquetaoista_agenda`
--

DROP TABLE IF EXISTS `bosquetaoista_agenda`;
/*!40101 SET @saved_cs_client     = @@character_set_client */;
/*!50503 SET character_set_client = utf8mb4 */;
CREATE TABLE `bosquetaoista_agenda` (
  `id` bigint(20) NOT NULL AUTO_INCREMENT,
  `fecha` date NOT NULL,
  `evento_id` bigint(20) NOT NULL,
  `orador_id` bigint(20) NOT NULL,
  PRIMARY KEY (`id`),
  KEY `bosquetaoista_agenda_evento_id_0db8eb05_fk_bosquetao` (`evento_id`),
  KEY `bosquetaoista_agenda_orador_id_00b6939b_fk_bosquetao` (`orador_id`),
  CONSTRAINT `bosquetaoista_agenda_evento_id_0db8eb05_fk_bosquetao` FOREIGN KEY (`evento_id`) REFERENCES `bosquetaoista_evento` (`id`),
  CONSTRAINT `bosquetaoista_agenda_orador_id_00b6939b_fk_bosquetao` FOREIGN KEY (`orador_id`) REFERENCES `bosquetaoista_persona` (`id`)
) ENGINE=InnoDB DEFAULT CHARSET=latin1 COLLATE=latin1_swedish_ci;
/*!40101 SET character_set_client = @saved_cs_client */;

--
-- Dumping data for table `bosquetaoista_agenda`
--

LOCK TABLES `bosquetaoista_agenda` WRITE;
/*!40000 ALTER TABLE `bosquetaoista_agenda` DISABLE KEYS */;
/*!40000 ALTER TABLE `bosquetaoista_agenda` ENABLE KEYS */;
UNLOCK TABLES;

--
-- Table structure for table `bosquetaoista_casa`
--

DROP TABLE IF EXISTS `bosquetaoista_casa`;
/*!40101 SET @saved_cs_client     = @@character_set_client */;
/*!50503 SET character_set_client = utf8mb4 */;
CREATE TABLE `bosquetaoista_casa` (
  `id` bigint(20) NOT NULL AUTO_INCREMENT,
  `nombre` varchar(200) NOT NULL,
  `direccion` varchar(200) NOT NULL,
  PRIMARY KEY (`id`)
) ENGINE=InnoDB AUTO_INCREMENT=8 DEFAULT CHARSET=latin1 COLLATE=latin1_swedish_ci;
/*!40101 SET character_set_client = @saved_cs_client */;

--
-- Dumping data for table `bosquetaoista_casa`
--

LOCK TABLES `bosquetaoista_casa` WRITE;
/*!40000 ALTER TABLE `bosquetaoista_casa` DISABLE KEYS */;
INSERT INTO `bosquetaoista_casa` VALUES (1,'Colegio Superior','Rafaela 4840'),(2,'Lin Shen','Rafaela 4840 - Floresta'),(3,'Villa Devoto','.'),(4,'Munro','.'),(5,'Balvanera','.'),(6,'Saenz Peña','.'),(7,'Lin Shen Shan','Rafaela 4840 - Floresta');
/*!40000 ALTER TABLE `bosquetaoista_casa` ENABLE KEYS */;
UNLOCK TABLES;

--
-- Table structure for table `bosquetaoista_cursante`
--

DROP TABLE IF EXISTS `bosquetaoista_cursante`;
/*!40101 SET @saved_cs_client     = @@character_set_client */;
/*!50503 SET character_set_client = utf8mb4 */;
CREATE TABLE `bosquetaoista_cursante` (
  `id` bigint(20) NOT NULL AUTO_INCREMENT,
  `agenda_id` bigint(20) NOT NULL,
  `persona_id` bigint(20) NOT NULL,
  `tipocursante_id` bigint(20) NOT NULL,
  PRIMARY KEY (`id`),
  KEY `bosquetaoista_cursan_agenda_id_dfdb539f_fk_bosquetao` (`agenda_id`),
  KEY `bosquetaoista_cursan_persona_id_d6340c67_fk_bosquetao` (`persona_id`),
  KEY `bosquetaoista_cursan_tipocursante_id_c0b997b2_fk_bosquetao` (`tipocursante_id`),
  CONSTRAINT `bosquetaoista_cursan_agenda_id_dfdb539f_fk_bosquetao` FOREIGN KEY (`agenda_id`) REFERENCES `bosquetaoista_agenda` (`id`),
  CONSTRAINT `bosquetaoista_cursan_persona_id_d6340c67_fk_bosquetao` FOREIGN KEY (`persona_id`) REFERENCES `bosquetaoista_persona` (`id`),
  CONSTRAINT `bosquetaoista_cursan_tipocursante_id_c0b997b2_fk_bosquetao` FOREIGN KEY (`tipocursante_id`) REFERENCES `bosquetaoista_tipocursante` (`id`)
) ENGINE=InnoDB DEFAULT CHARSET=latin1 COLLATE=latin1_swedish_ci;
/*!40101 SET character_set_client = @saved_cs_client */;

--
-- Dumping data for table `bosquetaoista_cursante`
--

LOCK TABLES `bosquetaoista_cursante` WRITE;
/*!40000 ALTER TABLE `bosquetaoista_cursante` DISABLE KEYS */;
/*!40000 ALTER TABLE `bosquetaoista_cursante` ENABLE KEYS */;
UNLOCK TABLES;

--
-- Table structure for table `bosquetaoista_evento`
--

DROP TABLE IF EXISTS `bosquetaoista_evento`;
/*!40101 SET @saved_cs_client     = @@character_set_client */;
/*!50503 SET character_set_client = utf8mb4 */;
CREATE TABLE `bosquetaoista_evento` (
  `id` bigint(20) NOT NULL AUTO_INCREMENT,
  `nombre` varchar(30) NOT NULL,
  `descripcion` varchar(200) NOT NULL,
  `tipo_id` bigint(20) NOT NULL,
  PRIMARY KEY (`id`),
  KEY `bosquetaoista_evento_tipo_id_5a3bd1b2_fk_bosquetao` (`tipo_id`),
  CONSTRAINT `bosquetaoista_evento_tipo_id_5a3bd1b2_fk_bosquetao` FOREIGN KEY (`tipo_id`) REFERENCES `bosquetaoista_tipoevento` (`id`)
) ENGINE=InnoDB DEFAULT CHARSET=latin1 COLLATE=latin1_swedish_ci;
/*!40101 SET character_set_client = @saved_cs_client */;

--
-- Dumping data for table `bosquetaoista_evento`
--

LOCK TABLES `bosquetaoista_evento` WRITE;
/*!40000 ALTER TABLE `bosquetaoista_evento` DISABLE KEYS */;
/*!40000 ALTER TABLE `bosquetaoista_evento` ENABLE KEYS */;
UNLOCK TABLES;

--
-- Table structure for table `bosquetaoista_frase`
--

DROP TABLE IF EXISTS `bosquetaoista_frase`;
/*!40101 SET @saved_cs_client     = @@character_set_client */;
/*!50503 SET character_set_client = utf8mb4 */;
CREATE TABLE `bosquetaoista_frase` (
  `id` bigint(20) NOT NULL AUTO_INCREMENT,
  `frase` varchar(500) NOT NULL,
  `detalle` varchar(500) NOT NULL,
  PRIMARY KEY (`id`)
) ENGINE=InnoDB AUTO_INCREMENT=111 DEFAULT CHARSET=latin1 COLLATE=latin1_swedish_ci;
/*!40101 SET character_set_client = @saved_cs_client */;

--
-- Dumping data for table `bosquetaoista_frase`
--

LOCK TABLES `bosquetaoista_frase` WRITE;
/*!40000 ALTER TABLE `bosquetaoista_frase` DISABLE KEYS */;
INSERT INTO `bosquetaoista_frase` VALUES (1,'La mejor victoria es vencer sin combatir','Si somos lo suficientemente inteligentes no deberemos combatir para salir airosos de un problema.'),(2,'Si utilizas al enemigo para derrotar al enemigo, serás poderoso en cualquier lugar a donde vayas','Saber enemistar a terceros nos puede hacer alcanzar la victoria sin mover ni un solo dedo.'),(3,'Llévalos a un punto del que no puedan salir, y morirán antes de poder escapar','En esta cita, Sun Tzu nos habla sobre la importancia de rodear a nuestros enemigos.'),(4,'Las armas son instrumentos fatales que solamente deben ser utilizadas cuando no hay otra alternativa','Para alcanzar la victoria no siempre será necesario el uso de la fuerza bruta.'),(5,'Cuando se está cerca, se debe parecer lejos, cuando se está lejos, se debe parecer cerca','Esta cita nos explica que debemos desorientar a nuestro enemigo para poder vencerlo.'),(6,'Un ejército victorioso gana primero y entabla la batalla después; un ejército derrotado lucha primero e intenta obtener la victoria después','La actitud con la que lleguemos a la batalla determinará en gran medida nuestro éxito.'),(7,'Si quieres fingir cobardía para conocer la estrategia de los adversarios, primero tienes que ser extremadamente valiente, porque sólo entonces puedes actuar como tímido de manera artificial','Fingir cobardía nos puede llevar hacia una muerte prematura, por ello se ha de ser muy valiente para utilizar esta táctica.'),(8,'Haz que los adversarios vean como extraordinario lo que es ordinario para ti; haz que vean como ordinario lo que es extraordinario para ti','Saber jugar nuestras bazas es algo sumamente importante en la táctica militar.'),(9,'Hay que comparar cuidadosamente el ejército opositor con el propio para saber dónde la fuerza es superabundante y dónde deficiente','Ver las flaquezas de nuestro adversario y poder ocultar las propias, nos permitirá alcanzar la victoria en el campo de batalla.'),(10,'Lo supremo en el arte de la guerra consiste en someter al enemigo sin darle batalla','Mucho antes de que se lance la primera flecha, la guerra ya habrá comenzado.'),(11,'La peor táctica es atacar a una ciudad','Esta cita nos habla sobre la ética en la guerra, las bajas civiles nunca son necesarias.'),(12,'Si tus fuerzas están en orden mientras que las suyas están inmersas en el caos, si tú y tus fuerzas están con ánimo y ellos desmoralizados, entonces, aunque sean más numerosos, puedes entrar en batalla','La estrategia y el ánimo son dos factores determinantes para poder vencer en una batalla, sin estos factores de nuestro lado es mucho más conveniente buscar la huida.'),(13,'Maniobrar con un ejército es ventajoso','Para poder dirigir un ejército en el campo de batalla, este debe haber sido disciplinado anteriormente.'),(14,'Los generales que conocen las variables posibles para aprovecharse del terreno sabe cómo manejar las fuerzas armadas','Las cualidades de un general son las que le llevaran o no a alcanzar la victoria, en un rango tan importante se ha de ser muy habilidoso.'),(15,'No presiones a un enemigo desesperado','Debemos permitir a nuestros enemigos un camino de huida, pues de esta forma se rendirán mucho antes.'),(16,'Para que perciban las ventajas de derrotar al enemigo, deben también obtener sus recompensas','Recompensar a nuestros soldados es algo vital para el buen funcionamiento de un ejército.'),(17,'Hacerte invencible significa conocerte a ti mismo','Cuando conocemos nuestras carencias sabemos cómo corregirlas y aprovecharlas a nuestro favor.'),(18,'Mantén a tus amigos cerca y a tus enemigos aún más cerca','Tener a nuestros amigos cerca nos permitirá conocerlos a fondo y poder detectar sus flaquezas.'),(19,'La invencibilidad es una cuestión de defensa, la vulnerabilidad es una cuestión de ataque','Si sabemos defendernos jamás seremos derrotados, pues un ataque prematuro nos debilita en gran medida.'),(20,'Incluso la mejor espada si se deja sumergida en agua salada finalmente se oxidará','Con el pasar de los años todos perdemos nuestras cualidades en lo que a la guerra se refiere.'),(21,'Cuando el enemigo esté relajado hazlo esforzarse','Saber sembrar el desconcierto en nuestro adversario le llevará inequívocamente hacia la derrota.'),(22,'Lo que los antiguos llamaban un luchador astuto es aquel que no sólo gana, sino que resalta por ganar con sencillez','Cuando ganamos de una forma rápida y sencilla, esa victoria adquiere mucho más valor pues es vista por nuestro adversarios como mucho más fulminante.'),(23,'Rápido como el viento, silencioso como el bosque, raudo y devastador como el fuego, inmóvil como una montaña','Sun Tzu nos habla en esta cita sobre las cualidades de cualquier buen ejército.'),(24,'La oportunidad de asegurarnos contra la derrota está en nuestras propias manos, pero la oportunidad de derrotar al enemigo la provee él mismo','Todos podemos cerrarnos en banda durante una batalla, pero de esta forma nunca conseguiremos la victoria.'),(25,'Mira por tus soldados como miras por un recién nacido; así estarán dispuestos a seguirte hasta los valles más profundos; cuida de tus soldados como cuidas de tus queridos hijos y morirán gustosamente contigo','El trato que le des a tus soldados será el que tú recibirás por su parte. Una de las frases de Sun Tzu más conocidas.'),(26,'Si tu enemigo se toma las cosas con tranquilidad, no le des tregua','Debemos anticiparnos a nuestro enemigo para que este no pueda prever nuestros ataques.'),(27,'Las ruedas de la justicia giran lentamente pero giran bien','La justicia más tarde o más temprano alcanza su objetivo.'),(28,'Si envías refuerzos a todas partes, serás débil en todas partes','Utilizar nuestros soldados de forma eficaz es algo que puede resultar muy difícil.'),(29,'Ganará quien sabe cuándo luchar y cuándo no luchar','Saber entablar las batallas es algo que muchos no sabemos hacer, debemos luchar solo cuando las condiciones nos sean propicias.'),(30,'Aquel que puede modificar sus tácticas en función de su oponente y así conseguir la victoria podrá ser llamado capitán nacido del cuerno del cielo','Sabernos adaptar a nuestros oponentes es una cualidad que sin duda debe poseer todo aquel gran capitán.'),(31,'Los buenos guerreros hacen que los adversarios vengan a ellos, y de ningún modo se dejan atraer fuera de su fortaleza','No debemos dejar que nuestros enemigos nos lleven a su terreno, pues de esa forma seremos derrotados con toda seguridad.'),(32,'Los colores primarios son sólo cinco, pero sus combinaciones son tan infinitas que no podemos verlas todas','Saber diferenciar a nuestros soldados en el campo de batalla es algo de vital importancia para cualquier general.'),(33,'Grandes resultados pueden ser conseguidos con pequeños esfuerzos','Incluso con los actos más pequeños podemos hacer mella en el ejército de nuestro adversario.'),(34,'El que llega primero al campo de batalla espera fresco la llegada del enemigo para combatir','Una gran cita que nos habla sobre la importancia de la puntualidad, que podemos usar en todos los aspectos de nuestra vida.'),(35,'No te sitúes río abajo','Cuando entablamos una batalla debemos aprovechar los elementos atmosféricos a nuestro favor.'),(36,'Ser violento al principio y terminar después temiendo a los propios soldados es el colmo de la ineptitud','Recibiremos el trato de nuestros soldados que nos hayamos ganado previamente.'),(37,'Recordar siempre el peligro cuando estás a salvo y el caos en tiempos de orden, permanece atento al peligro y al caos mientras no tengan todavía forma y evítalos antes de que se presenten; ésta es la mejor estrategia de todas','Debemos ser precavidos y actuar cuando las aguas están calmadas, de esta forma seremos mucho más eficaces.'),(38,'El valiente puede luchar, el cuidadoso puede hacer de centinela, y el inteligente puede estudiar, analizar y comunicar','Todos somos útiles en la guerra, pues aportamos lo mejor de nosotros para un bien común.'),(39,'Un gobierno no debe movilizar un ejército por ira y los jefes militares no deben provocar la guerra por cólera','Cuando empezamos una enemistad tiene que ser por nuestros propios pensamientos, no fruto de nuestros sentimientos momentáneos.'),(40,'Si tus fuerzas son diez veces superiores a las del adversario, rodéalo; si son cinco veces superiores, atácalo; si son dos veces superiores, divídelo','Utilizar la táctica conveniente en cada situación es algo de vital importancia para poder lograr la victoria.'),(41,'Si el enemigo está seguro en todos los puntos, prepárate para su ataque','Una buena huida a tiempo puede evitarnos males mayores, debemos saber retirarnos.'),(42,'El arte de la guerra se basa en el engaño','Si nuestro enemigo nos subestima, le habremos ganado antes de que se de cuenta.'),(43,'Si conoces al enemigo y te conoces a ti mismo, no debes temer el resultado de cientos de batallas','El conocimiento de nuestras debilidades y las debilidades de nuestro adversario, nos llevará de una forma segura hacia la victoria o la derrota.'),(44,'Si la lucha asegura la victoria, entonces debes luchar, incluso si el gobernador lo prohíbe; si la lucha no asegura la victoria, entonces no debes luchar incluso por orden del gobernante','Las grandes batallas se libran antes de que estas empiecen, pues sin una preparación correcta ya habremos perdido antes de salir al campo de batalla.'),(45,'Así, sólo un gobernante brillante o un general sabio que pueda utilizar a los más inteligentes para el espionaje, puede estar seguro de la victoria','La sabiduría es el arma más poderosa que un ser humano puede tener, pues con ella puede anticiparse a cualquier problema que pueda acontecerle.'),(46,'Estrategia sin táctica es el más lento camino hacia la victoria','Cualquier estrategia que se valga se logrará mediante las tácticas necesarias para formarla.'),(47,'Existen cinco rasgos que son peligrosos en los generales','Nuestras emociones puede ser utilizadas en nuestra contra por nuestro adversario, no debemos dejarnos llevar por ellas.'),(48,'Dale al enemigo lo que ellos esperan recibir; así serán capaces de discernir y confirmar sus suposiciones','Dar un cebo a nuestro enemigo para que este actúe de una forma determinada es una táctica que en el ajedrez se denomina gambito, ampliamente utilizada en el mundo militar.'),(49,'La victoria generalmente va al ejército que tiene oficiales y hombres mejor entrenados','Los preparativos antes de una batalla son el 90 por ciento del éxito.'),(50,'Tienes que creer en ti mismo','La confianza es totalmente necesaria, sin ella jamás lograremos vencer a un enemigo motivado.'),(51,'Los habitantes constituyen la base de un país, los alimentos son la felicidad del pueblo','Como dirigentes una gestión correcta puede llevarnos a lo más alto del éxito personal, de lo contrario podemos perder todo lo que hayamos conseguido en nuestro ascenso.'),(52,'Si haces que los adversarios no sepan el lugar y la fecha de la batalla, siempre puedes vencer','Toda falta de información en tu adversario puede ser usada en su contra.'),(53,'Hay que reflexionar y deliberar antes de tomar cualquier decisión','Reflexionar nuestros movimientos con detenimiento es algo sumamente importante, sobre todo cuando nos jugamos vidas humanas.'),(54,'En una invasión, por regla general, cuanto más se adentran los invasores en el territorio ajeno, más fuertes se hacen, hasta el punto de que el gobierno nativo no puede ya expulsarlos','La rapidez en una invasión es un factor determinante para que esta tenga éxito, como muy bien nos explica esta cita.'),(55,'No persigas a los enemigos cuando finjan una retirada, ni ataques tropas expertas','No debemos caer en las trampas que nuestro adversario nos haya preparado, esto puede ser un factor decisivo en nuestra victoria.'),(56,'Un ejército prefiere un terreno elevado y evita un terreno bajo, aprecia la luz y detesta la oscuridad','Las condiciones medioambientales en una batalla son cruciales, si las usamos a nuestro favor podremos adquirir una ventaja clara sobre nuestro adversario.'),(57,'La calidad de la decisión es como la redada a buen tiempo de un halcón, lo que le permite atacar y destruir a su víctima','Ser audaces es algo que puede sernos muy ventajoso en la batalla.'),(58,'Si no se trata bien a los espías, pueden convertirse en renegados y trabajar para el enemigo','En la guerra los espías pueden cambiar de bando en los momentos más insospechados.'),(59,'Los soldados prisioneros deben ser bien tratados, para conseguir que en el futuro luchen para ti','Sumar hombres leales a nuestras filas es vital para el crecimiento de nuestro ejército.'),(60,'La psicología de los soldados consiste en resistir cuando se ven rodeados, luchar cuando no se puede evitar y obedecer en casos extremos','Los soldados deben anteponer las órdenes militares a su propia seguridad, para que la batalla llegue a buen término.'),(61,'Donde hay grandes recompensas, hay hombres valientes','El hombre valeroso debe de ser gratamente recompensado, de esta forma siempre actuará en nuestro favor.'),(62,'Cien victorias en cien batallas no es la mayor habilidad','Saber ganar una batalla antes de que esta empiece es la cualidad de un general invencible.'),(63,'Â¿Puedes imaginar lo que haría si pudiera hacer todo lo que puedo?','Saber infundir el temor en nuestro adversario lo debilitará y le llevará a actuar de forma más predecible.'),(64,'Los que no son totalmente conscientes de las desventajas de servirse de las armas no pueden ser totalmente conscientes de las ventajas de utilizarlas','Todo tiene pros y contras, debemos saber cuándo unos son más numerosos que los otros.'),(65,'Aquél que es prudente y espera a un enemigo que no lo es, será victorioso','La anticipación es algo que nos llevará a la victoria de forma inequívoca, pues con ella nuestro enemigo no podrá reaccionar a nuestras tácticas.'),(66,'Muéstrales una manera de salvar la vida para que no estén dispuestos a luchar hasta la muerte, y así podrás aprovecharte para atacarles','Saber guiar a nuestro enemigo hacia la trampa que previamente hemos preparado, es algo muy utilizado en la batalla.'),(67,'Triunfa el que elabora una táctica para conseguirlo, aprovecha su oportunidad, acepta sus debilidades y reconoce sus fortalezas','Saber cómo entablar una batalla midiendo todos los aspectos que la conforman, es la cualidad de todo buen general.'),(68,'Nunca se debe atacar por cólera y con prisas','La preparación es de vital importancia antes de entablar cualquier combate, sin ella estamos perdidos.'),(69,'Las oportunidades se multiplican a medida que se toman','Conforme una batalla se va desarrollando las oportunidades se presentan y crecen en número.'),(70,'La defensa es para tiempos de escasez, el ataque para tiempos de abundancia','Debemos atacar cuando somos más fuertes y estamos mejor preparados.'),(71,'Deja que tus planes sean oscuros e impenetrables como la noche y cuando te muevas, cae como un rayo','El enemigo no debe saber jamás cómo y cuándo actuaremos.'),(72,'El gobernante iluminado es atento y el buen general está lleno de cautela','Esta cita nos explica las dos cualidades más importantes en un gobernante y un general, sin duda Sun Tzu sabía muy bien de lo que hablaba.'),(73,'Un líder lidera con el ejemplo, no por la fuerza','Nuestro ejemplo será la mayor bandera que podamos portar, para que otros puedan seguirnos hacia la batalla.'),(74,'Sé extremadamente misterioso, incluso hasta el punto de la ausencia de sonido','La mentira puede ser una gran baza durante la guerra, pues con ella lograremos desconcertar a nuestro oponente.'),(75,'La excelencia suprema consiste en romper la resistencia del enemigo sin luchar','Existen muchas técnicas para quebrar el ánimo de nuestro enemigo, cuando nuestro enemigo nos considera invencibles se rendirá antes de entablar batalla.'),(76,'Si tu oponente posee un temperamento colérico, procura irritarlo','Saber utilizar las emociones de nuestro enemigo en su contra nos brindará una gran oportunidad de alcanzar la victoria.'),(77,'Así es como en la guerra, el estratega victorioso solo busca la batalla después de que la victoria ya se ha ganado, mientras que aquel destinado a la derrota, primero pelea y después busca la victoria','El que sabe cómo preparar una batalla alcanzará la victoria antes siquiera de enfrentarse con su oponente.'),(78,'La ira puede convertirse en alegría, y la cólera puede convertirse en placer','Las acciones militares que llevamos a cabo pueden cambiar el mundo para siempre, pues el tiempo no puede dar marcha atrás.'),(79,'Se debe ponderar y deliberar antes de hacer un movimiento','La distracción es algo que en el campo de batalla, nos puede permitir derrotar a nuestro adversario o ser derrotados por él.'),(80,'De ahí el dicho: conoce al enemigo y conócete a ti mismo, y sobre tu victoria no caerán dudas; conoce el Cielo y la Tierra, y tu victoria estará asegurada del todo','La información es vital en todos los aspectos de una guerra, pues de ella se fundan las más grandes estrategias y tácticas.'),(81,'Para conocer a tu Enemigo debes convertirte en tu Enemigo','Conocer cómo piensa y actúa tu enemigo nos hará poder anticiparnos a sus movimientos.'),(82,'Todos los hombres pueden ver las tácticas, pero lo que nadie puede ver es la estrategia que hace que de estas observaciones evolucione la victoria','No todas las personas son capaces de prever una estrategia enrevesada en el campo de batalla.'),(83,'Los terrenos bajos son húmedos, lo cual provoca enfermedades y dificulta el combate','El tipo de terreno donde se combata puede ser crucial para el correcto funcionamiento de nuestro ejército.'),(84,'El día en que se declara la guerra, se cierran las fronteras, se rompen los salvoconductos y se impide el paso de emisarios','Cuando empieza una guerra, está afecta a todos los aspectos de la sociedad.'),(85,'La rapidez es la esencia de la guerra','La rapidez es una cualidad fundamental en cualquier gran ejército, pues con ella nuestro adversario no podrá anticiparse a nuestros movimientos.'),(86,'La prudencia y la firmeza de un pequeño número de personas pueden llegar a cansar y a dominar incluso a numerosos ejércitos','Un pequeño grupo de personas debidamente formados puede causar numerosos estragos incluso en filas mucho más numerosas.'),(87,'En asuntos militares, no es necesariamente más beneficioso ser superior en fuerzas, sólo evitar actuar con violencia innecesaria; es suficiente con consolidar tu poder, hacer estimaciones sobre el enemigo y conseguir reunir tropas; eso es todo','Cómo actuamos con nuestro ejército nos llevará o no a la victoria, incluso cuando todo parece ser favorable las tornas se pueden cambiar.'),(88,'Practica las artes marciales, calcula la fuerza de tus adversarios, haz que pierdan su ánimo y dirección, de manera que aunque el ejército enemigo esté intacto sea inservible: esto es ganar sin violencia','Meternos en la mente de nuestro adversario para que este pierda la confianza es algo que nos puede ser muy beneficioso.'),(89,'El éxito en la guerra se alcanza cuidando de adaptarse permanentemente al propósito del enemigo','La anticipación lo es todo en el arte de la guerra, prever los movimientos de nuestro adversario y utilizarlos a nuestro favor.'),(90,'Sólo cuando conoces cada detalle de la condición del terreno puedes maniobrar y luchar','El conocimiento del terreno es crucial en cualquier batalla, este nos permite ser mucho más eficaces al combatir.'),(91,'La oportunidad de asegurarnos contra la derrota está en nuestras propias manos, pero la oportunidad de derrotar al enemigo la provee él mismo','La victoria de todo buen guerrero siempre dependerá de él mismo.'),(92,'Cansa a los enemigos manteniéndolos ocupados y no dejándoles respirar','Algunas estrategias de las planteadas por Sun Tzu siguen siendo vigentes hoy en día.'),(93,'El general abarca las virtudes de sabiduría, sinceridad, humanidad, coraje y ser estricto','Un repertorio que nos enseña cómo debe ser un buen general para sus tropas.'),(94,'El desorden llega del orden, la cobardía surge del valor, la debilidad brota de la fuerza','Una de las imágenes más potentes de la filosofía de Sun Tzu.'),(95,'Si las instrucciones no son claras y las explicaciones y órdenes no son confiadas, la falta es del general','Los generales tienen la responsabilidad de dar en todo momento órdenes claras.'),(96,'La defensa es para tiempos de escasez, el ataque para tiempos de abundancia','Una de las frases más célebres de este afamado estratega.'),(97,'Luchar con otros cara a cara para conseguir ventajas es lo más arduo del mundo','La lucha cuerpo a cuerpo solo es apta para los más aguerridos soldados.'),(98,'El combatiente inteligente impone su voluntad en su enemigo, pero no permite que la voluntad de su enemigo le sea impuesta','Una frase que nos habla de la inteligencia en el campo de batalla.'),(99,'El que sabe cuándo puede volar y cuándo no, será victorioso','Creer en el propio potencial y ser conscientes de nuestra limitaciones es esencial.'),(100,'Nunca se debe atacar con cólera y con prisas','La guerra debe librarse con frialdad y con entereza, solo así triunfaremos.'),(101,'No hay ejemplo de una nación que se beneficie de la guerra prolongada','Tenemos muchos ejemplos de guerras duraderas que han sumido al país en el que se encuentran en la más absoluta miseria.'),(102,'Sé extremadamente sutil, incluso hasta el punto de lo informal','La sutileza y el engaño son algunas de las claves de un buen estratega.'),(103,'El arte de la estrategia es de importancia vital para el país','La estrategia utilizada puede decidir entre una victoria y una derrota.'),(104,'Evitar la confrontación contra formaciones de combate bien ordenadas y no atacar grandes batallones constituye el dominio de la adaptación','Una estrategia que puede ser de gran utilidad para ejércitos de todo el mundo.'),(105,'Considera a tus soldados como a tus hijos y te seguirán hasta los valles más profundos; míralos como tus propios amados hijos y estarán a tu lado incluso en la muerte','Una buena metáfora sobre cómo debe ser un buen líder para sus soldados.'),(106,'He oído hablar de operaciones militares que han sido torpes y repentinas, pero nunca he visto a ningún experto en el arte de la guerra que mantuviese la campaña por mucho tiempo','Cuánto más se alarga una campaña más probabilidades hay de fracasar.'),(107,'Pelear y conquistar en todas las batallas no es la suprema excelencia; la suprema excelencia consiste en romper la resistencia del enemigo sin luchar','Una de las grandes máximas del filósofo y estratega Sun Tzu.'),(108,'Prohíbe los augurios para evitar las dudas','Los augurios eran previsiones que se hacían habitualmente antes de un gran combate o guerra.'),(109,'Por tanto, lo que es de suprema importancia en la guerra es atacar la estrategia del enemigo','La estrategia es uno de los temas principales que aborda este estratega chino en su obra.'),(110,'No se puede obtener la verdad de los espías sin sutileza','Una frase que resume todo el horror de la guerra, especialmente en el trato a los espías.');
/*!40000 ALTER TABLE `bosquetaoista_frase` ENABLE KEYS */;
UNLOCK TABLES;

--
-- Table structure for table `bosquetaoista_grado`
--

DROP TABLE IF EXISTS `bosquetaoista_grado`;
/*!40101 SET @saved_cs_client     = @@character_set_client */;
/*!50503 SET character_set_client = utf8mb4 */;
CREATE TABLE `bosquetaoista_grado` (
  `id` bigint(20) NOT NULL AUTO_INCREMENT,
  `nombre` varchar(200) NOT NULL,
  PRIMARY KEY (`id`)
) ENGINE=InnoDB AUTO_INCREMENT=5 DEFAULT CHARSET=latin1 COLLATE=latin1_swedish_ci;
/*!40101 SET character_set_client = @saved_cs_client */;

--
-- Dumping data for table `bosquetaoista_grado`
--

LOCK TABLES `bosquetaoista_grado` WRITE;
/*!40000 ALTER TABLE `bosquetaoista_grado` DISABLE KEYS */;
INSERT INTO `bosquetaoista_grado` VALUES (1,'Maestro'),(2,'Instructor'),(3,'Alumno'),(4,'Instructor Honorario');
/*!40000 ALTER TABLE `bosquetaoista_grado` ENABLE KEYS */;
UNLOCK TABLES;

--
-- Table structure for table `bosquetaoista_persona`
--

DROP TABLE IF EXISTS `bosquetaoista_persona`;
/*!40101 SET @saved_cs_client     = @@character_set_client */;
/*!50503 SET character_set_client = utf8mb4 */;
CREATE TABLE `bosquetaoista_persona` (
  `id` bigint(20) NOT NULL AUTO_INCREMENT,
  `orden` int(11) NOT NULL,
  `nombre` varchar(50) NOT NULL,
  `apellido` varchar(50) NOT NULL,
  `usuario` varchar(50) NOT NULL,
  `direccion` varchar(50) NOT NULL,
  `localidad` varchar(50) NOT NULL,
  `codigo_postal` varchar(10) NOT NULL,
  `email` varchar(50) NOT NULL,
  `fechanacimiento` date DEFAULT NULL,
  `fechaingreso` date DEFAULT NULL,
  `fechaegreso` date DEFAULT NULL,
  `celular` varchar(50) NOT NULL,
  `nrodoc` int(11) NOT NULL,
  `casa_practica_id` bigint(20) DEFAULT NULL,
  `grado_id` bigint(20) DEFAULT NULL,
  `responsable_casa_id` bigint(20) DEFAULT NULL,
  `tipodoc_id` bigint(20) NOT NULL,
  `estado_id` bigint(20) NOT NULL,
  `foto` longblob DEFAULT NULL,
  PRIMARY KEY (`id`),
  KEY `bosquetaoista_person_casa_practica_id_8cd2c364_fk_bosquetao` (`casa_practica_id`),
  KEY `bosquetaoista_person_grado_id_3c266ea3_fk_bosquetao` (`grado_id`),
  KEY `bosquetaoista_person_responsable_casa_id_4b394322_fk_bosquetao` (`responsable_casa_id`),
  KEY `bosquetaoista_person_tipodoc_id_08cff191_fk_bosquetao` (`tipodoc_id`),
  KEY `bosquetaoista_person_estado_id_6107250e_fk_bosquetao` (`estado_id`),
  CONSTRAINT `bosquetaoista_person_casa_practica_id_8cd2c364_fk_bosquetao` FOREIGN KEY (`casa_practica_id`) REFERENCES `bosquetaoista_casa` (`id`),
  CONSTRAINT `bosquetaoista_person_estado_id_6107250e_fk_bosquetao` FOREIGN KEY (`estado_id`) REFERENCES `bosquetaoista_tipoestado` (`id`),
  CONSTRAINT `bosquetaoista_person_grado_id_3c266ea3_fk_bosquetao` FOREIGN KEY (`grado_id`) REFERENCES `bosquetaoista_grado` (`id`),
  CONSTRAINT `bosquetaoista_person_responsable_casa_id_4b394322_fk_bosquetao` FOREIGN KEY (`responsable_casa_id`) REFERENCES `bosquetaoista_casa` (`id`),
  CONSTRAINT `bosquetaoista_person_tipodoc_id_08cff191_fk_bosquetao` FOREIGN KEY (`tipodoc_id`) REFERENCES `bosquetaoista_tipodoc` (`id`)
) ENGINE=InnoDB AUTO_INCREMENT=328 DEFAULT CHARSET=latin1 COLLATE=latin1_swedish_ci;
/*!40101 SET character_set_client = @saved_cs_client */;

--
-- Dumping data for table `bosquetaoista_persona`
--

LOCK TABLES `bosquetaoista_persona` WRITE;
/*!40000 ALTER TABLE `bosquetaoista_persona` DISABLE KEYS */;
INSERT INTO `bosquetaoista_persona` VALUES (1,0,'Roberto Hector ','Durán Agra','hduran','Miralla 645','CABA','1440','hduranagra@gmail.com','1957-07-20','1977-07-01',NULL,'011-15-5954-0317',13515813,1,1,1,1,1,_binary 'images/Simbolo_Escuela.JPG'),(2,1,'Carlos','Doñate','','','','','',NULL,'1979-01-01',NULL,'',0,NULL,3,NULL,1,2,NULL),(3,2,'Guillermo','Sada','','','','','',NULL,'1979-01-01',NULL,'',0,NULL,3,NULL,1,2,NULL),(4,3,'Mabel','Bravo','','','','','',NULL,'1979-01-01',NULL,'',0,NULL,3,NULL,1,2,NULL),(5,4,'Alejandro','Ricardo','','','','','',NULL,'1979-01-01',NULL,'',0,NULL,3,NULL,1,2,NULL),(6,5,'Carlos','Ingaramo','','','','','',NULL,'1980-01-01',NULL,'',0,NULL,3,NULL,1,2,NULL),(7,6,'Daniel','Monte Negro','','','','','',NULL,'1980-01-01',NULL,'',0,NULL,3,NULL,1,2,NULL),(8,7,'Marcelo','Donadello','','','','','',NULL,'1980-01-01',NULL,'',0,NULL,3,NULL,1,2,NULL),(9,8,'Guillermo','Blythman','','','','','',NULL,'1980-01-01',NULL,'',0,NULL,3,NULL,1,2,NULL),(10,9,'Alejandro','Alvarez Holmberg','','','','','',NULL,'1980-01-01',NULL,'',0,NULL,3,NULL,1,2,NULL),(11,10,'Guillermo','Alvarez Holmberg','','','','','',NULL,'1980-01-01',NULL,'',0,NULL,3,NULL,1,2,NULL),(12,11,'','Alda','','','','','',NULL,'1980-01-01',NULL,'',0,NULL,3,NULL,1,2,NULL),(13,12,'Marcela','Riggio','','','','','',NULL,'1980-01-01',NULL,'',0,NULL,3,NULL,1,2,NULL),(14,13,'Estela','Garisto','','','','','',NULL,'1981-01-01',NULL,'',0,NULL,3,NULL,1,2,NULL),(15,14,'Estela','Brusca','','','','','',NULL,'1981-01-01',NULL,'',0,NULL,3,NULL,1,2,NULL),(16,15,'Eduardo','Palermo','','','','','',NULL,'1981-01-01',NULL,'',0,NULL,3,NULL,1,2,NULL),(17,16,'Sergio','Bracamonte','','','','','',NULL,'1981-01-01',NULL,'',0,NULL,3,NULL,1,2,NULL),(18,17,'Rubén','Laponi','','','','','',NULL,'1981-01-01',NULL,'',0,NULL,3,NULL,1,2,NULL),(19,18,'Oscar','Lamorgia','','','','','','1958-10-05','1981-01-01',NULL,'',12753152,NULL,3,NULL,1,2,NULL),(20,19,'Alicia','Laba','','','','','',NULL,'1982-01-01',NULL,'',0,NULL,3,NULL,1,2,NULL),(21,20,'Graciela','Pozo','','','','','',NULL,'1982-01-01',NULL,'',0,NULL,3,NULL,1,2,NULL),(22,21,'Gerardo','Benegas ','','','','','',NULL,'1983-01-01',NULL,'',0,NULL,3,NULL,1,2,NULL),(23,22,'Silvia','Silvia ','','','','','',NULL,'1983-01-01',NULL,'',0,NULL,3,NULL,1,2,NULL),(24,23,'Nestor','Vieyra','','','','','',NULL,'1983-01-01',NULL,'',0,NULL,3,NULL,1,2,NULL),(25,24,'Marcelo','Alvarez Holmberg','','','','','',NULL,'1983-01-01',NULL,'',0,NULL,3,NULL,1,2,NULL),(26,25,'Hector','Hector','','','','','',NULL,'1984-01-01',NULL,'',0,NULL,3,NULL,1,2,NULL),(27,26,'Daniel Roberto','Sosa','','','','','',NULL,'1984-01-01',NULL,'',0,NULL,3,NULL,1,2,NULL),(28,27,'Maria Elena','Allaria','','','','','',NULL,'1984-01-01',NULL,'',0,NULL,3,NULL,1,2,NULL),(29,28,'Silvia Liliana','Salgado','','','','','silvia.salgado@yahoo.com.ar','1960-03-15','2011-06-01','2012-07-16','011-15-6292-0048',0,NULL,3,NULL,1,2,NULL),(30,29,'Daniel Alberto','Pijuán','dpijuan','Barcala 806 Dto. A','Ramos Mejía - La Matanza','1704','dpijuan@gmail.com','1964-03-03','1985-02-02',NULL,'1167474347',16916787,1,1,2,1,1,''),(31,30,'Ruben','Gulino','','','','','',NULL,'1985-03-01',NULL,'',0,NULL,3,NULL,1,2,NULL),(32,31,'Guillermo','Lebsberng','','','','','',NULL,'1985-09-01',NULL,'',0,NULL,3,NULL,1,2,NULL),(33,32,'Liliana Graciela','Pijuan ','','Vallejos 4116','CABA','1419','pijuan.liliana@gmail.com','1966-01-15','1985-11-01',NULL,'11-6767-4132',17839392,1,2,3,1,1,NULL),(34,33,'Miriam','Sosa','','','','','',NULL,'1985-11-01',NULL,'',0,NULL,3,NULL,1,2,NULL),(35,34,'Alejandro','Migniona','','','','','',NULL,'1986-01-01',NULL,'',0,NULL,3,NULL,1,2,NULL),(36,35,'Cristina','Landra','','','','','',NULL,'1987-01-01',NULL,'',0,NULL,3,NULL,1,2,NULL),(37,36,'Jose','Romano','','','','','',NULL,'1987-01-01',NULL,'',0,NULL,3,NULL,1,2,NULL),(38,37,'Romina','Romano','','','','','',NULL,'1987-01-01',NULL,'',0,NULL,3,NULL,1,2,NULL),(39,38,'Jose Maria','de la Torre','','','','','',NULL,'1988-01-01',NULL,'',0,NULL,3,NULL,1,2,NULL),(40,39,'Jorge','Cordero','','','','','',NULL,'1988-01-01',NULL,'',0,NULL,3,NULL,1,2,NULL),(41,40,'Manuel','Letelle','','','','','',NULL,'1988-01-01',NULL,'',0,NULL,3,NULL,1,2,NULL),(42,41,'Maria Teresa','Lopez Gonzalez','','','','','',NULL,'1988-01-01',NULL,'',0,NULL,3,NULL,1,2,NULL),(43,42,'Cristian','Favier','','','','','',NULL,'1988-01-01',NULL,'',0,NULL,3,NULL,1,2,NULL),(44,43,'Liliana mabel','Basile','','','','','',NULL,'1988-01-01',NULL,'',0,NULL,3,NULL,1,2,NULL),(45,44,'Monica Graciela','Queija','','','','','',NULL,'1988-01-01',NULL,'',0,NULL,3,NULL,1,2,NULL),(46,45,'Betty','de Molier','','','','','',NULL,'1988-01-01',NULL,'',0,NULL,3,NULL,1,2,NULL),(47,46,'Daniel','Allaria','','','','','',NULL,'1989-01-01',NULL,'',0,NULL,3,NULL,1,2,NULL),(48,47,'Giselle','Allaria','','','','','',NULL,'1989-01-01',NULL,'',0,NULL,3,NULL,1,2,NULL),(49,48,'Carla','Carla','','','','','',NULL,'1989-01-01',NULL,'',0,NULL,3,NULL,1,2,NULL),(50,49,'Ana','Ana','','','','','',NULL,'1989-01-01',NULL,'',0,NULL,3,NULL,1,2,NULL),(51,50,'Cristina','Reinaldo','','','','','',NULL,'1989-01-01',NULL,'',0,NULL,3,NULL,1,2,NULL),(52,51,'Mary Sol','Salgado','','','','','',NULL,'1989-01-01',NULL,'',0,NULL,3,NULL,1,2,NULL),(53,52,'Martin','Finochietto','','','','','',NULL,'1989-01-01',NULL,'',0,NULL,3,NULL,1,2,NULL),(54,53,'Adriana','Cerrato','','','','','',NULL,'1989-01-01',NULL,'',0,NULL,3,NULL,1,2,NULL),(55,54,'Guillermo','Blythman','','','','','',NULL,'1989-01-01',NULL,'',0,NULL,3,NULL,1,2,NULL),(56,55,'Gloria','Beretervide','','','','','',NULL,'1989-01-01',NULL,'',0,NULL,3,NULL,1,2,NULL),(57,56,'Cinthia','Cinthia','','','','','',NULL,'1989-01-01',NULL,'',0,NULL,3,NULL,1,2,NULL),(58,57,'Cecilia Nora','Hynek','','Miralla 645','CABA','1440','','1960-11-22','1989-10-28',NULL,'011-15-5498-1046',14547516,1,2,NULL,1,1,NULL),(59,58,'Leonor Ester','Simon','','Vallejos 4116','CABA','1419','','1941-11-28','1989-10-01',NULL,'011-15-4928-7259',4246332,1,2,NULL,1,3,''),(60,59,'Juan M','Manuel','','','','','',NULL,'1990-01-01',NULL,'',0,NULL,3,NULL,1,2,NULL),(61,60,'Victor Hugo','Llanos ','','','','','',NULL,'1990-01-01',NULL,'',0,NULL,3,NULL,1,2,NULL),(62,61,'Donata','De Llanos','','','','','',NULL,'1991-01-01',NULL,'',0,NULL,3,NULL,1,2,NULL),(63,62,'Raul','Rodriguez','','','','','','1956-10-02','1991-01-01',NULL,'',12481313,NULL,3,NULL,1,2,NULL),(64,63,'Maria de los A','Abelenda','','','','','',NULL,'1991-01-01',NULL,'',0,NULL,3,NULL,1,2,NULL),(65,64,'Carmen','Lafalce','','','','','',NULL,'1991-01-01',NULL,'',0,NULL,3,NULL,1,2,NULL),(66,65,'Adriana Laura','Silberberg','','','','','','1972-03-28','1991-01-01',NULL,'',22668494,NULL,3,NULL,1,2,NULL),(67,66,'Daniel ','Tuñez','','','','','','1956-12-06','1991-01-01',NULL,'',0,NULL,3,NULL,1,2,NULL),(68,67,'Guillermo','Valorani','','','','','',NULL,'1991-01-01',NULL,'',0,NULL,3,NULL,1,2,NULL),(69,68,'Roxana Graciela','Silberberg','rgsilberberg','Barcala 806 Dto. B','Ramos Mejia','1704','rgsilberberg@gmail.com','1964-04-08','1991-03-01',NULL,'011-15-6547-0118',16916855,1,2,NULL,1,1,''),(70,69,'Hilda','Alvarez','','','','','',NULL,'1991-04-01',NULL,'',0,NULL,3,NULL,1,2,NULL),(71,70,'Andres','Vergara','','','','','',NULL,'1991-04-01',NULL,'',0,NULL,3,NULL,1,2,NULL),(72,71,'Alejandro','Ferracutti','','','','','',NULL,'1991-04-01',NULL,'',0,NULL,3,NULL,1,2,NULL),(73,72,'','Visitacion','','','','','',NULL,'1991-04-01',NULL,'',0,NULL,3,NULL,1,2,NULL),(74,73,'Gabriel','Isola','','','','','',NULL,'1991-04-01',NULL,'',0,NULL,3,NULL,1,2,NULL),(75,74,'Silvia','Vacarazza','','','','','',NULL,'1994-04-01',NULL,'',0,NULL,3,NULL,1,2,NULL),(76,75,'Susana','Arrieta','','Larraya 1533','CABA','1440','mejillaizquierda@gmail.com','1969-05-19','1991-04-01',NULL,'011-15-6918-5396',20665651,2,3,NULL,1,1,NULL),(77,76,'','Hase','','','','','',NULL,'1991-04-01',NULL,'',0,NULL,3,NULL,1,2,NULL),(78,77,'Norma','Juarez','','','','','','1940-12-14','1992-04-01',NULL,'',3897813,NULL,3,NULL,1,2,NULL),(79,78,'Hilda M','Brunillo','','','','','','1937-09-04','1992-04-01',NULL,'',3495209,NULL,3,NULL,1,2,NULL),(80,79,'Maria','Flores','','','','','','1961-01-04','1992-04-01',NULL,'',14408473,NULL,3,NULL,1,2,NULL),(81,80,'Hugo Oscar','Peralta','','','','','','1935-05-16','1992-04-01',NULL,'',4152571,NULL,3,NULL,1,2,NULL),(82,81,'Vera a','Golmberg','','','','','','1962-05-05','1992-04-01',NULL,'',16171469,NULL,3,NULL,1,2,NULL),(83,82,'Margarita','Tondon','','','','','',NULL,'1992-04-01',NULL,'',0,NULL,3,NULL,1,2,NULL),(84,83,'Ramon','Paez','','','','','','1976-12-01','1992-04-01',NULL,'',25675400,7,3,NULL,1,1,''),(85,84,'Raquel Alejandra','Cohen','','Julian Alvarez 169','CABA','1414','rcbambu@gmail.com','1959-08-03','1993-01-01',NULL,'011-156366-6723',13403553,1,2,5,1,1,''),(86,85,'Pablo','Andreo','','','','','',NULL,'1993-01-01',NULL,'',0,NULL,3,NULL,1,2,NULL),(87,86,'Diego Maximiliano','Eguren','','White 942','CABA','C1407IIT','egurendiegomax@gmail.com','1977-06-04','2009-02-07',NULL,'011-15-58544783',26034515,1,2,7,1,1,''),(88,87,'Veronica','Woljo','','','','','','1979-02-15','1993-01-01',NULL,'',27104043,NULL,3,NULL,1,2,NULL),(89,88,'Karina','Woljo','','','','','','1977-08-23','1994-01-01',NULL,'',26114000,NULL,3,NULL,1,2,NULL),(90,89,'José Luis','Bugarín Díaz ','','Av. Independencia 1600 7 B','CABA','1100','joselbd@gmail.com','1958-09-21','1996-04-01',NULL,'011-15-4086-5267',12454546,1,2,NULL,1,1,NULL),(91,90,'Blanca','Leal','','','','','','1956-09-14','1996-04-01',NULL,'',12685800,NULL,3,NULL,1,2,NULL),(92,91,'Marina','Duran','','','','','','1984-02-26','2017-04-05','2017-08-01','',30896061,NULL,3,NULL,1,2,NULL),(93,92,'Patricia','Fernandez','','','','','','1972-02-02','1997-01-01',NULL,'',22360468,NULL,3,NULL,1,2,NULL),(94,93,'Beatriz Haydee','Arenas','','','','','',NULL,'1998-01-01',NULL,'',0,NULL,3,NULL,1,2,NULL),(95,94,'Hugo Omar','Andreo','','','','','','1942-10-16','1998-01-01',NULL,'',6649635,NULL,3,NULL,1,2,NULL),(96,95,'Valeria','Eletia','','','','','','1968-06-25','1998-01-01',NULL,'',20281635,NULL,3,NULL,1,2,NULL),(97,96,'Juan','Ponteggia','','','','','','1959-12-09','1999-01-01',NULL,'',14117149,NULL,3,NULL,1,2,NULL),(98,97,'Enrique','Richard','erichard','Bacacay 2541','CABA','1406','enrique.richard@gmail.com','1956-11-29','1999-01-01',NULL,'011-4972-5024',12643142,2,3,NULL,1,1,_binary '\\\0JFIF\0\0`\0`\0\0\\0C\0		\n\n\r\n\n	\r\\0C\0\0\0\"\0\\0\0\0\0\0\0\0\0\0\0\0	\n\\0\0\0\0}\0!1AQa\"q2#BR\$3br	\n\Z%&\'()*456789:CDEFGHIJSTUVWXYZcdefghijstuvwxyz\\\\\\\\\\\\\\\\\\\\\\\\\\\\\\0\0\0\0\0\0\0\0	\n\\0\0\0w\0!1AQaq\"2B	#3Rbr\\n$4\%\Z&\'()*56789:CDEFGHIJSTUVWXYZcdefghijstuvwxyz\\\\\\\\\\\\\\\\\\\\\\\\\\\\\0\0\0?\0G\T\1n4]?M\t\\\\l\u[7\"\/͓s\$\]UUkڥh\"C۟<v\O\\?\v\;?]x{\b\-\\\X.r!/Sv\Kd\%φԤ\\Z1A!Bpx<s_ΚxIj·IBM\n)88S=s\j&$(6	\\\\c)\{ke@ȱ^y\sҶtmfKu[˻\\$rT6/玂\`\\W\2G\\nlx=\-\[\)f\\\n\`\5e\r濧Xyu\\O\pqNs⾊kV\Z\[_21W\`@\Y\qk9QZoῆ\*\r%֙.\?low\1܊\l>\nx\\/<j\YL\\؆E\{?\0\Z~Fu\\r	\\\\Wc\ߺpy\\չ\`pk\/\ǅ;\}jZm\0<\\\'Uh\t\\\O\O\\[\"?u\+ञ:֬\r\\q\\\\Ere\\r\e76$\S^Tx\'\_\Z\\W\jN-[QꚬM._[\0\H!x\\}\\5\\x_Ķ!\ͤ/f\waĔ8(\S;ps+\\\\nl\\\6G>ejh\¹\[\x$L4r)my]5\\G\\\s\I>5\GL\0\\\\\\0\;\\0Sg/$D\]\"ᚾ\\?bٻ\:\Z2M\5\\\uŔ\\ZM^\E-Ѝ+)RE0\5tlᚽ]\0x/d$[;\\2,:\;)\\#r\r\\tq~\ws[y\"ޙuV\\-dҭ\\";B\A4qc\β\SᥦG*+c\_\\\ri7d_x\J:[Cy\\\24f \6\J\\Yuyd\VK3kkH\n+H>O s_A~\_o5{SƷ4\0ui\\k\Z,\vme\m\>Q?lSy\\r\\E\$0U0N*r}H4`p\a\+\\-CQ\\\K\&q$6\:l\$Dc\$bL?\\A\d\02*z+\\Y\[\U\#\0\q\]ŕ~\|yg\Ig\1\>\Wlg)$E$t-\C=\85s?tˏkZt\o.Vo%\`;*I7\,I8\WT8S\"N\\9xhgԛ\?SǞrkؾ\njz_\\rn\KG了\_\\\p\kJ\\0Pc\\\	\UH\<1\[x\Eѵh]\E0C*\+\`NC\\có\\\&k\n\DbJ\n1\o<ן\ε/eZ\sJRY\>.\\kS|)\5wB\'[\^\\׮8ID[p	\#9M\Z}ޛZ\\L.m7ϖ\\7\?yy/\TQ^M\\'ߪ\+TRI\b?Y(\i$\餴Q|[Fܨ߁\#5\h7o\<\\zp\R\ZOxOIW\\ԟ\{\\F\m\\\\"Ƴ\,V\Y\ F{\\˷==(\籆]\4-z\A\A\^\r\w>T\Bb\\qi\0\\w9xO\\,7da1׷J\\ԡ\\\g\\+OL\݁s]Pv\ʇ|#xWHV\\\X\_ZÙ\nB \0QҾ#åj\W\Lג2ۨ\ہ|k\\\r|:,v\[i\\\r3iszgk\>\'i\0\{u2yF\07B\\\0\Z\\\\\\a^=\\\Z\r\74g0@ڊO\ZsIZ08#n8*>lv^ f\-6\+=J3]%ufm\\<\0\p+\\V\\rY\[o2;\\\z\\\\Z\<ɹ\#i\C+g.厇\\yӕڹ\\\Y\y$\$.n󟼍Ѿ\'^I~\F\\RHkmB\]\˺+[2F]\~U䀠}\y\n\\za\\0\F\tM/\\z[ȋ\*/@s\Uaqn<VWN\.> ~\8ߧ\\ZY\Y;z	\\\\k\6\\3\]^\w0 sD7,nJ\\9\'\\0h\i7)qP=DjQ\\Z\Df\H.\0|!PT\\~\W\M\\\FxY[C\SwLx\\ח\\4\Eb+dɷ\\\\rX\wV{\nk&61LNp3\\\0\\%\\'\7N\{\OfG|uK\x\|\{[94\iLvZ\͗A\\p 2\0=\\jSR>^A)\-3\ei-\\\ʆ#\gR1s\cҼ9\e\\VDUbd\d]s麳h\r\0௎|AZꚍ\Y-c$BVL\AW\\`OƖ\Z\mo5-B\X\Zt\M\Mpb\\\"\d\\\rJ\?oj\kʃW\q\\P\0v1<7̌9\"\rxW\:\'\Vkn|\\Bᶎ>U\w%pq^|Դ\\7P\M\-%\#y.OLU2 \0(XF*$t\O\0\\a\\X\\\CG\\\nXQX+*\\\0rݏcxC#5^9&M\O򢾘<9w\k\?^ѵ+1m{i\\]R}\\V\v\:NK S\\\d\\uE,\vm9_ߜgo`\``\?\U[e\\SRk٭\6r2\0yml(π\ԗ /y-cYd7L\<1SM\+oo<*!\8f\OL\\\\Sۑ\_\r4	\\Z\7\Z|\%~\\0\>Io\"\\\j[!X\\``\\8S\\?\\\\ao#Z\]X1Aw\o\.	\\RX\3\{t\sP\\hw\0\Z\0Gw\dSo%1!~E\8c@8\\&>/.C\I\\?\_O~\>5\p\G%o\\w\x?u[8ed̬:\+\\k*bϸ\/$٭\\FaeV\`gF׆d2ª6\,\py\\\Q\\\"\r׏Gwy[R&Ҵ\"\Q27\N\U\y\z4ylYnd;$`f\`g=sVz[|.\V\kcC\6dL\1\z(\/S\\I\2\\=&\ĖY>f;\z\-\%\\IʹW=Ǡ>\Kh\?j\[\'čuu\%l ]\U-{(\\[\f`Ќ\~\ᵯ\Z\]Cj^i[(\\rYA\\s׊G\_\?\k]CKb\\4LAF6N1\\ڋ\MxgU\b4t2&Kn\\\JJTy?=咪3GB\\?\\<qh\"\\g๰\,\ޠs\sr\r\\t\0\\\\j\ZM\hol\\\\\3s7\'̑AG\rNGٿ/\",R[\\ZX\\L$\yom5\\kk?\\9l|˵c\b\/^\"i6{_$YxC\z\/BF}g<7Iq\'ۥI\Ƿl\U«	c`\\\rB×ֶ\\\/\Z浪hkVq\̕mf\\Q_ݲ9\\/\C\\?\=\XQg\u\`cE\E-T\yE\09\\\O\\\_f\0\Z|HѬ\\]\x\krm\\9ktn9\	f#p6nl+xU)ΪRۭŇ\\1\x\n)q\;\*\oA\\Zg\Z\\\\%1\\,9\~\}\D\G\߇>(A\x5=F\\\M.\q1S\\\\\# \^\Zu8\9S[~̇͟gs\u\4\f\ٚ(S\\gS5j\n#\4NI\\N	=\\\yD\t^\nu9\Z业1\!\ \=\Ύ\"k/\\ѭi{+\+\O\OݦQ)6\9\r~Kw}t\\\Kq6ر\6Ǐ\\'\0<	\\S&҄\~VS\	\\5|S\'>Gq\$(0\H\?WJu&Mռ\?tsvڋgi-ʻe\ך&1qE\\\\\u\\O\fmL\\0iZn$\%>\+xyU\~Dh\\\\\"\P\n|\qש\\-L\.\5^o\rN?Z\vv\F\\9P=ps\\߄?(>X\ܙ!Aⴜ\\\\OeY!48\\ii\<MvNp\W\=;\no~)Լ\	!\-ӜS\\n(\\\"\Aŋ*\F	6	\[\\)t0\QP\Z\F۸\;I\\r*\R\W0#\HV\2k\\0|Z\^\rf;,*`t\\_J\\n|X\\r\4Go}eT8:	\dg9\jʜ+;\ՏH_\Z\^#iYz!%~\\n\\\ɯX?\\5A\\!W\\#\0C[\%љ\eGelFs\܎\\h\\c$om$KnVPǊ/\'Y\\b\Zk\?8\Vߴf%ڒ\H\V\@3d\\8\5\?\fakq\\\\\>>\}vTwM;ũ\n\n=\\W\/w\\\!l&\[\2ܟ\#5\{IW\\\#]7\Z\hă[\Vֶڔ\\\+tS$\%g8-x\\_A\\	\\\=s\\:O\.\\x5+/@A|!\Z6\\\c\K\\\\x:b\_$$jo%\N# I\\8Y\?gOR\\\\\Z\\\\=\FA\@`\0;2M{5\Z\M:/C\\0Vhߊ<A\K}\\\\k,\er\i%7l|\Q$8f\nΐ.CaI^\r~ÿ<\u\'\%K\\\Z6!fʍ\*T:\07p󔜡v\mü\r\\r>\\\\\\\#ޕJ#|}	\^\ۢ^\\\P\fn\\nqx׌x7\_s\\6̲\\\\Eif\\'ֵj\\ruI\Wc\˦\\6<2vn6rr@kѧQ\T\\ݎJT\\\_\e\&k\-\B;\~~쑶UЎT*\\'\"=>O6\%\qjcQzt#p\\\\0<^\퍻]\z\o\\Ң5\N\20N\\0ת\.f\]Io5\\\aW˖=S\\޻)ѩ=O\+t\_\W\|n-\\p\\X;׏Jȵ6/t\D[\d\\c,\n\r	5\;V׮xccv\\\׭E\K\Z\\W#\\+ʧ;T?PJ\>]ZX*\\	HH\\\\0=\unu\fI%F<\\t\09\^#\(\\WS);n\r\8!A\\5\hB\&/\\mˏ\\\\JB\`%\\\g~\^	\"šٴ\)A㌌r\_%Gផg\V{\HήaRsF\r3\r\O}\\#\1\\\\qÝ\'Œ}8t\R\f\-`nHR\\MT<+?3TԅrAo+\\9\9\{o\χ7\\Z\#\\Z\Y\1\4\1t/L69>\\7F\\v\f%qWS⋛&tCU:\=jPu\rM*\"لO!\\Ó\n\\|bסkZ]\7wj\H$\w6\\8=>o~a\\k\b@14bQo\x\\7w\6vK\r\ǤF\\O)V#.\tqT\tiGMb\zd\\\3\W\+Һd\9r@\0wi!7.\:\<Y\Zct(\>9\^\\_lkͫiw&еdG=\ZƒF8\=Vʱ\ʒy\a;k~!\4v\\w\\&\kx\\\]	\\Aso*]\0G\q^IG0~U\d\iڶz^ir؛;\\'i\\n\@g\0)\\ﳛjK\J\\\\\Ln\\z\t\~|\^\\u\-y\v	\>\\rDr=H\' 2x@]\{\B\\5/\/3Y\\\)Q\\uR2\0\*taj\k\\=\\\\0༾ֺ6`Vȗ\&\dኯGn\"f\p\ŗzn\\D@y:8`īE\B>\Wv\\o4*W\Z\guKźF\n\r\k#\TP\\Pe\t;\c$&;	\0\0\\\^\\ft\r\"m坠IoGk\<?c7#VyX\98Q1\^\4%`û\t	!\rMU	6\OapT{k\?ci\мu\3Lb\Z	Q\a*\]>V,[#3_=nY\n\\\n\Rеk+\[\n\\͆X8e\q\ZR>[罓㾧wS\:\M\*\3A\\nu\ز\\ZR$ck\/\\\\\vkY/tݰ\\n3\#vm&\n\Gʕg]V^\_+ωחw\rA3[hخHr7\};\|7,;h5y4ԅ1(tN\V\o\c^Z\pĥw]>\f\E$ak\]sJf\0#3\Ol=+4إJN[h}A\O\G\z7\\i_^]a\\;Ƚ3\+\~*ũj^\'Ė4{Pb:\!0\Y_\<;\{\ڧ\CI7\Ź?w#j[\\\_-H\)L\\*\3\/r>\\+\}\5f.QU?{U\0\6\?wK\A\-3G#n$=\mn%ZI;ª\ּ\ɝ\5V24Ym;kw}pѬ1Fn\~\F~\^:\\Z\Z͹m\Z\i\Lt$\8ǵrSĂ8\\ǵKm\ZDdU\lz\h\0|uyX\K[\\\ID\W\E*\U\E{N5c{\\|qK\B\I\}m\\\0\v_\7B_:\;\\0*!m#E\9U\y9$f\O~\"Aִy\\ q\\r7{]B-\\Z\ܟ|-ce\E\\n兒|\v?![\\fw7\\\\'K\f\V)o\?.k\W\\\\Z\Ok\rr73Wx\׋\aj\\)YY\S\d\\\R8\1\5\]{\z\\	97j=\U|dg\\;?˕E$\|\x\ZL>+\\\V5ݯ[F@-\\Z& \2q\r\j=\\\\B\pƛ*&\'9گ\;=qڊa\>}\jcZ\i-ԗ\7Q(xdfUQ\v\P8 \[a_F\"vw\Fd%\nw1\\\\r>MKYZ\\n9\.dt\\20I\0sׁT~ S/\\V\v\.\\\rK\r\eN\\v0py\Z)\NL\[IKq\ǚ|m8RY\r\긺\/\cVE\\\I> Akv\sfc\'B;x\tq\OuTx#wH>i\.j[	\Z;\\o|u6Y]G\\\\.!gh\\\\\\"CS\W\7X\b\ҩdp\~\k\\HTUџ`\\:/\\nt񯬭u9\\Z\'0\GnEb\4S%ơeDrѢ\\<Wy\O\p\GSg\xkF\o\\P\FMSFj/ke\/~-\$\&m\6}\\\MO\kAx\\c#ǿ[Ѽ?\%6g\\V$)v\X]\~d*ݒ\>&a_NFHB[k Za0N8|U<#\$q\\.\㚱\\mv\-\^J:\r\xO\v <E\4\h<\\\d\\\>\\\"\v\l\\͜\\1L~~\\|O^˷\\\XR\ȢDQW;x\1\\:\f\j\\0[\}o\ZFmu*\oH\\\\da\S~3Q~G\n,9-ȿ\e\\Xz=b\0½\\%6чH80[ߦz\n\$Ӿ\v\k\I%7\n2[\\Ȳ4x\\77M캥\:m\\04h7˂1\\zg4jݟ\|lyz{\0NlI\E+\\\\]6\M?^da:qێg\\\V\p\\\\_\F$\\(\3(Ϧv\MKJ:;K:[-FK\n\\"}\0\ra\Yl\\oO%r{\^\\\+	\ae\\<KiƧ^[X\wxb6\\Vd\\}̂:qӊ\>xM~}\CG\5\rr\EA,Nב\N[+h۶\[,<\MAKeK\kqe(2o\Aߌ?7\0s\\\4\vë6Y^\Lh\rc	\O̫\\\"\+\e6[n6qyh>,\\8V\22lV\W`\H	9>\\!շofn\k\\\\M\\\0\Z\\\xw\fh\v0ǘвF\aI$\<7\\\kZf\j\Z\\q+q#\0ӑ#]f!ק\(\zQ;\ؓ̇h\0FF\q״ƿ<㡧K\'\<?L\G9\ڹ\fV=<Ќf\\,5oI\\0\M\%\%N\]*ܒ1\`Eo	+xᥜ\Z\0-G\G\MV\+݇6vے~wPX15Ӎey\\x\~DvLt\ös\\\h>1k&\n9=Ij\ҧ[۫Fp	\nT\\b\\:d1\\aaO\0u{3\=\q~O7\n\ضėP46ᮥ<(ܣӑ\+|,Ց7s9_ƻ7GFL*1\\\\\=\Z\fs1s~\\-\ vp]AڭEhnڣ	ϨH\r~cg\0v\ַNg\qF-{\4\\0fi\\"\Z6Ϙ#\})i\6x^2[}K,!\\c/KDy+\+d\Z\:\\tV\5\?\\@kN4\ُ\7/ֵD_H~\\8\	\k鲪u%-\⸖\'|G\oS	\V\mƛ\E\rt\t\\\\\kb	@^DN\\X~#\>k*캞Z\z,iΣ*%\;,ҰY[\b\}$R\Z\\q²Ep$I\\]*áR8 yj\\"h\0Z曮j\VE\oi_\n\rL\L\\3]\̷J>ߺ\\~}V\r\\r!ߌ\4/Ab\Α\\\q~xG\f\+;\f)-\rm<duTE~\~\\0d\reJ\\aY.<GL/\<\\h\\"\r\\\_ڇh\<i\焼m\CSn\\3cMĘٷ\\n\UG0\{UOO\M\0G\n\~p_x\.䰐\\.s\\Ҋ/|,}¨ּ>\\2{\8^Z9탔{{{Pee\p3\ЛZ*ѓxxWT\\,m\Qm$\d\\0w\M&\8Q @aA5\|\#\:.\}z9}\\\\mW\"5\r\@`K`\	\0\5ko\o\h~Qk\\($V^\\ª\n;F\k\g\\\tO\63\4n,Iⶡʣnn\\{\O\\	_\|4h<e\0\05\rYm~\Ru\X.\- ڲd_Qf\\\\\o\\\~r\Ki\\J`.5+\9\bpv{bB\\fYvP\\׵\\\\ZbVVFvk=\}qle\C#EH2;\\t\_\&<L\\d\3Nė9\N\s\K-\W\0K\\}_ڿ5\\O7Z>4\\\H\\\2\0,⼾ :c(\c\s\nu\\%\\\cKllv\\\\+oLE璸\\r?C\M.ojp\0U\\3\J\)\\y\q\"Rkܖ\T.hE<\\\ǥX\Fcc\\/hw\]ͷ5\'c3GF\sqӿJ\<\\\'TE;04[\r\s+\x\]ÏkSg\ORɎ\#tX\< s^#$g\[f)Ѵ)r8d\>Rdl{\|W\xoz\Xh\'!\\]s~\u=`׹䓭.z/\㈩Q\\/\\enǜix\ew\\c\0\w\09\\<Tw7\\\v\:\acJ)$~m\Nܤ\\*(e\R\\7 V\ڢf\kSRx\\\Ҽ\0g|l\\0\\\M-oN\r\\\\gv\I\\ZM\㎘\\\\0\0d\?)QL~Q\\0@=cz\\n\\[Y\g\u뛝Q \;fdf$A}\\Hu32s\n\"\\^=lI\?ɜ5,5EHQmU¦0N\n(\(\vS\r\7ymJդ\u`O]\̫0\u+{Q\4\fgiZ].\\\<rc=~EPU\uG\_\>eēxwXּ8\1\m\\\\U\0\p1ְt\%j\%L/IO\\~寔ajKQ\ciw\O%Ώx\T\eh!V˖?\\\\ag\`M\\j\*{_\%&kJ\\r6K(\</ӱ\\o2BY\EzTbǛ[Gq\8\>\\\\\ESl\Ov\\}i1<(mN*\\\0E\ooʊ+hH\\4QE3\'),(99,98,'Monica G','Garcia','','','','','','1953-01-31','1999-01-01',NULL,'',10769368,NULL,3,NULL,1,2,NULL),(100,99,'Carmen','Anaya','','','','','','1941-07-17','1999-01-01',NULL,'',9999271,NULL,3,NULL,1,2,NULL),(101,100,'Mario','Duro','','','','','','1954-02-14','1999-01-01',NULL,'',11154805,NULL,3,NULL,1,2,NULL),(102,101,'Martin Ariel','Duran','','','','','','1985-08-05','2000-01-01',NULL,'',31722919,NULL,3,NULL,1,2,NULL),(103,102,'Ubaldo J','Rebon','','','','','','1944-01-22','2000-01-01',NULL,'',7744608,NULL,3,NULL,1,2,NULL),(104,103,'Marcelo','Brostein','','','','','','1964-08-03','2000-01-01',NULL,'',24127141,NULL,3,NULL,1,2,NULL),(105,104,'Beatriz Adriana','Dominguez','','','','','',NULL,'2000-01-01',NULL,'',0,NULL,3,NULL,1,2,NULL),(106,105,'Graciela L','Negri','','','','','','1950-11-30','2001-10-17',NULL,'',6521522,NULL,3,NULL,1,2,NULL),(107,106,'Claudio  ','Calio','','','','','','1956-12-18','2001-11-01',NULL,'',12987173,NULL,3,NULL,1,2,NULL),(108,107,'Norma','Barcus','','','','','','1946-06-20','2002-01-01',NULL,'',3986498,NULL,3,NULL,1,2,NULL),(109,108,'Silvia G','Alimena','','','','','','1966-04-11','2002-07-29',NULL,'',18161197,NULL,3,NULL,1,2,NULL),(110,109,'Edit G','Soto','','','','','','1937-10-18','2002-04-22',NULL,'',3626146,NULL,3,NULL,1,2,NULL),(111,110,'Luz','Gesto Souto','','','','','','1941-12-09','2002-04-22',NULL,'',4296275,NULL,3,NULL,1,2,NULL),(112,111,'Roberto','D\'anna','','','','','','1980-08-24','2000-06-13',NULL,'',21815605,NULL,3,NULL,1,2,NULL),(113,112,'Maria del C','Batían','','','','','','1955-06-06','2000-09-07',NULL,'',11652297,NULL,3,NULL,1,2,NULL),(114,113,'Andrea','Campora','','','','','','1968-07-29','2000-09-07',NULL,'',20425279,NULL,3,NULL,1,2,NULL),(115,114,'Ana María ','Fernández ','','','','','','1946-11-07','2000-09-07',NULL,'',5497640,NULL,3,NULL,1,2,NULL),(116,115,'Cesar R','Ortigoza','','','','','','1943-12-23','2001-08-26',NULL,'',4434467,NULL,3,NULL,1,2,NULL),(117,116,'Claudia','Tongo','','','','','','1958-11-14','2002-08-30',NULL,'',13071065,NULL,3,NULL,1,2,NULL),(118,117,'Delia','Sanguineti','','','','','','1943-04-19','2002-09-30',NULL,'',4709056,NULL,3,NULL,1,2,NULL),(119,118,'Isabel','Gómez','','','','','Narya@ciudad.com.ar','1968-09-17','2002-09-30',NULL,'',94491373,NULL,3,NULL,1,2,NULL),(120,119,'Eduardo','Gil','','','','','','1936-11-09','2002-09-30',NULL,'',4856131,NULL,3,NULL,1,2,NULL),(121,120,'Andrea','Gómez','','','','','','1969-09-07','2002-10-05',NULL,'',21093008,NULL,3,NULL,1,2,NULL),(122,121,'Leonardo','Gambaccini','','José Mármol 1931','CABA','1255','leonardogambaccini@yahoo.cpm.ar','1959-09-05','2003-01-15','2013-10-06','011-15- 40463893',13808523,NULL,3,NULL,1,2,NULL),(123,122,'Monica','Lenardi','','','','','','2012-05-01','2003-01-16',NULL,'',14741247,NULL,3,NULL,1,2,NULL),(124,123,'Pablo','Gambaccini','','','','','','2012-05-01','2003-01-16',NULL,'',123,NULL,3,NULL,1,2,NULL),(125,124,'Ezequiel','Gambaccini','','','','','',NULL,'2003-01-16',NULL,'',0,NULL,3,NULL,1,2,NULL),(126,125,'Fernando','Gil Auger','','','','','','1976-10-24','2002-12-26',NULL,'',25557671,NULL,3,NULL,1,2,NULL),(127,126,'Noemi','Higa','','','','','','1968-03-26','2003-01-03',NULL,'',20200981,NULL,3,NULL,1,2,NULL),(128,127,'Ricardo','Oya','','','','','','1967-04-12','2003-01-03',NULL,'',0,NULL,3,NULL,1,2,NULL),(129,128,'Gloria','Arlega','','','','','','1948-03-23','2003-03-02',NULL,'',5700980,NULL,3,NULL,1,2,NULL),(130,129,'Hugo D','Burzachechi','','','','','','1959-04-06','2002-12-02',NULL,'',13111221,NULL,3,NULL,1,2,NULL),(131,130,'Marina Silvia','Bein de Kot','','Sanabria 4460','CABA','1419','marinabein@hotmail.com','1948-01-25','2004-03-01',NULL,'011-15-6036-6197',5867542,1,2,6,1,1,''),(132,131,'Felix A','Strygacz','','','','','','1958-03-30','2003-03-10',NULL,'',12013779,NULL,3,NULL,1,2,NULL),(133,132,'Anulada','-----','','','','','',NULL,NULL,NULL,'',0,NULL,3,NULL,1,2,NULL),(134,133,'Anulada','-----','','','','','',NULL,NULL,NULL,'',0,NULL,3,NULL,1,2,NULL),(135,134,'Nora V','Gutierrez','','','','','','1957-12-04','2003-03-01',NULL,'',13659840,NULL,3,NULL,1,2,NULL),(136,135,'Ingrid','Garcia','','','','','','1979-02-15','2003-03-01',NULL,'',27067670,NULL,3,NULL,1,2,NULL),(137,136,'Anabella','Hidalgo','','','','','','1979-01-25','2003-04-01',NULL,'',27178320,NULL,3,NULL,1,2,NULL),(138,137,'Maria Sol','Rodriguez','','','','','','1986-06-15','2003-04-21',NULL,'',92779811,NULL,3,NULL,1,2,NULL),(139,138,'Lía Bernise','Sanaríais','','','','','','1986-06-15','2003-04-24',NULL,'',30505857,NULL,3,NULL,1,2,NULL),(140,139,'Maria Beatriz ','Ya ello','','','','','','1968-09-07','2003-05-30',NULL,'',20250737,NULL,3,NULL,1,2,NULL),(141,140,'Felisa','Orlando','','','','','','1947-07-17','2003-06-03',NULL,'',5726256,NULL,3,NULL,1,2,NULL),(142,141,'Karina','Quinteros','','','','','','1970-05-28','2003-06-10',NULL,'',21493623,NULL,3,NULL,1,2,NULL),(143,142,'Maria Margarita','Erdbecher','','','','','','1964-11-18','2003-07-01',NULL,'',17106839,NULL,3,NULL,1,2,NULL),(144,143,'Florencia','Piriz','','','','','','1969-09-23','2003-06-01',NULL,'',20573655,NULL,3,NULL,1,2,NULL),(145,144,'Maria Antonia','Romero','','','','','','1934-03-07','2003-07-14',NULL,'',1803163,NULL,3,NULL,1,2,NULL),(146,145,'Monica','Gulminelli','','','','','','1955-03-12','2003-08-08',NULL,'',11477770,NULL,3,NULL,1,2,NULL),(147,146,'Eveline Edith','Martinez','','','','','','1963-04-26','2003-09-01',NULL,'',16570818,NULL,3,NULL,1,2,NULL),(148,147,'Alvina Jovina','Gomez','','','','','','1947-04-18','2003-09-01',NULL,'',5644533,NULL,3,NULL,1,2,NULL),(149,148,'Horacio','Olive','','','','','','2012-01-01','2003-09-13',NULL,'',0,NULL,3,NULL,1,2,NULL),(150,149,'Griselda','Fortunato','','','','','','2012-01-01','2003-09-13',NULL,'',0,NULL,3,NULL,1,2,NULL),(151,150,'Jorge Osvaldo','Lucero','','','','','','1956-10-27','2004-02-16',NULL,'',12792292,NULL,3,NULL,1,2,NULL),(152,151,'Hilda Alicia','Saboundji','','Guido 2406','Lomas del Mirador','1752','taichilda51@gmail.com','1951-08-07','2004-11-15',NULL,'011-15-6864-0884',10120622,1,2,NULL,1,1,NULL),(153,152,'Leandro P','Mortola','','','','','','1976-12-27','2004-03-30',NULL,'',25568575,NULL,3,NULL,1,2,NULL),(154,153,'Pablo','Paolo','','','','','','1985-12-05','2004-04-07',NULL,'',32012969,NULL,3,NULL,1,2,NULL),(155,154,'Diego Rafael','Bergero','','','','','','1967-08-25','2004-04-07',NULL,'',18394002,NULL,3,NULL,1,2,NULL),(156,155,'Carlos Enrique','Dobenau','','','','','','1959-08-12','2004-04-07',NULL,'',13753827,NULL,3,NULL,1,2,NULL),(157,156,'Carola','Noriega','','','','','','1961-01-25','2004-04-01',NULL,'',14266758,NULL,3,NULL,1,2,NULL),(158,157,'Mario Hector','Rennis','','','','','','1963-01-30','2004-04-17',NULL,'',16496122,NULL,3,NULL,1,2,NULL),(159,158,'Pablo Ariel','Kot','','','','','pabloakot@gmail.com','1979-06-20','2004-02-05',NULL,'',27386853,1,2,6,1,1,''),(160,159,'Maria Fabiana','La Greca','','Virgilio 715','CABA','1407','fabiana011@hotmail.com','1971-03-12','2004-04-13','2013-01-01','011-15-4179-1076',22126065,NULL,3,NULL,1,2,NULL),(161,160,'Graciela','Bein','','','','','','1951-01-08','2004-03-25',NULL,'',10383171,NULL,3,NULL,1,2,NULL),(162,161,'Juan Domingo','Fernandez','','','','','','1953-02-18','2004-03-08',NULL,'',10691676,NULL,3,NULL,1,2,NULL),(163,162,'Liliana','Merolla','','','','','','1957-02-02','2004-03-04',NULL,'',11181308,NULL,3,NULL,1,2,NULL),(164,163,'Alejandro','Boglio','','','','','','1963-03-02','2004-02-09',NULL,'',16209106,NULL,3,NULL,1,2,NULL),(165,164,'Héctor Raul','Martinez','','Larraya 2574-PB4','CABA','1440','hunglong@live.com.ar','1955-09-21','2004-05-08','2013-03-02','011-15-5007-2312',11842840,NULL,3,NULL,1,2,NULL),(166,165,'Hernan','Diaz ','','','','','','1959-11-08','2004-11-01',NULL,'',14038878,NULL,3,NULL,1,2,NULL),(167,166,'Rosa','Mella','','','','','','1961-01-15','2005-01-08',NULL,'',14301489,NULL,3,NULL,1,2,NULL),(168,167,'Marta','Traba','','','','','','1949-11-10','2005-04-15',NULL,'',0,NULL,3,NULL,1,2,NULL),(169,168,'Claudio','D\'Onofrio','','','','','','2001-01-01','2006-03-15',NULL,'',0,NULL,3,NULL,1,2,NULL),(170,169,'Lucila','Degiovannini','','','','','','2012-01-01','2006-06-06','2015-08-01','',0,NULL,3,NULL,1,2,NULL),(171,170,'Miguel Angel','Fiocca','','Culpina 266 5° A','CABA','1406','mfiocca@gmail.com','1955-02-04','2006-08-01','2021-03-23','011-15-4413-1412',11424857,1,2,NULL,1,3,''),(172,171,'Graciela','Degiorgio','','','','','','1965-01-15','2006-10-19',NULL,'',17172119,NULL,3,NULL,1,2,NULL),(173,172,'Rosa','Schargorosdky','','','','','','1960-08-24','2006-11-01',NULL,'',14986713,NULL,3,NULL,1,2,NULL),(174,173,'Maria','Gonzalez','','','','','','2028-07-13','2007-02-15',NULL,'',199983,NULL,3,NULL,1,2,NULL),(175,174,'Alicia','Olivo','','','','','','1956-06-26','2007-02-15',NULL,'',12086878,NULL,3,NULL,1,2,NULL),(176,175,'Javier','Vainstoin','','','','','','2012-01-01','2007-02-15',NULL,'',25250827,NULL,3,NULL,1,2,NULL),(177,176,'Liliana Maria','Moyano','','','','','','1956-01-28','2007-02-15',NULL,'',12088674,NULL,3,NULL,1,2,NULL),(178,177,'Federico','Randon','','','','','','1979-12-22','2007-04-01',NULL,'',27859378,NULL,3,NULL,1,2,NULL),(179,178,'Graciela','Fassi','','','','','','1954-11-29','2007-04-14',NULL,'',11384888,NULL,3,NULL,1,2,NULL),(180,179,'Graciela','Degiorgio','','','','','','1965-01-15','2006-10-19','2016-10-01','',17172119,NULL,3,NULL,1,2,NULL),(181,180,'Anulada','-----','','','','','',NULL,NULL,NULL,'',0,NULL,3,NULL,1,2,NULL),(182,181,'Fernando','Ramos','','','','','','1980-07-11','2007-05-31',NULL,'',28322091,NULL,3,NULL,1,2,NULL),(183,182,'Gustavo','Castaño','','','','','','1974-09-12','2007-05-31',NULL,'',24155485,NULL,3,NULL,1,2,NULL),(184,183,'Veronica','Allievi','','','','','','1962-09-23','2007-07-11',NULL,'',16821459,NULL,3,NULL,1,2,NULL),(185,184,'Jose','Cespedes','','','','','','1955-05-31','2007-08-02',NULL,'',12079120,NULL,3,NULL,1,2,NULL),(186,185,'Mariela','Llorens','','','','','','1975-01-15','2007-08-04',NULL,'',24424279,NULL,3,NULL,1,2,NULL),(187,186,'Oscar','Rodriguez','','','','','','1966-07-02','2007-09-01',NULL,'',17789139,NULL,3,NULL,1,2,NULL),(188,187,'Isabel Estela','Vigilio','','','','','','1947-10-30','2007-11-01',NULL,'',5752308,NULL,3,NULL,1,2,NULL),(189,188,'Genaro Jose','Vidal','','','','','','1944-04-19','2007-11-01',NULL,'',4435782,NULL,3,NULL,1,2,NULL),(190,189,'Mariana Lidia','Lettieri','','','','','','1976-04-24','2009-03-31',NULL,'',25296158,NULL,3,NULL,1,2,NULL),(191,190,'Mario','Cainzos','','','','','','1942-05-07','2009-03-31',NULL,'',4391347,NULL,3,NULL,1,2,NULL),(192,191,'José Alberto','Carnero','','Lisandro de la Torre 802','CABA','1408','ferret_elahorro@hotmail.com','1949-06-16','2009-04-06','2013-03-02','',7837457,NULL,3,NULL,1,2,NULL),(193,192,'Daniel','Debello','','','','','','1956-01-17','2007-12-15',NULL,'',11773582,NULL,3,NULL,1,2,NULL),(194,193,'Nicolas','Musco','','','','','','1946-06-08','2009-04-14',NULL,'',4556398,NULL,3,NULL,1,2,NULL),(195,194,'Maria Luisa','Lopardo','','','','','','1950-06-16','2009-04-21',NULL,'',6380829,NULL,3,NULL,1,2,NULL),(196,195,'Isabel','Tellado','','','','','','1935-06-15','2009-05-05',NULL,'',2317719,NULL,3,NULL,1,2,NULL),(197,196,'Raquel Rosa','Bialogorski','','','','','','1945-02-21','2009-04-04',NULL,'',5094103,NULL,3,NULL,1,2,NULL),(198,197,'Ana Silvia','Tomino','','Pueyrredon 3760 dto 2','Ciudadela','1702','sagitariana1963@yahoo.com.ar','1963-12-20','2009-05-18','2013-03-02','011-15-6907-6969',16822498,NULL,3,NULL,1,2,NULL),(199,198,'Sebastian','Gonzalez','','','','','','2001-01-01','2009-04-13',NULL,'',21537490,NULL,3,NULL,1,2,NULL),(200,199,'Amanda','Ramirez','','','','','','1947-03-20','2009-06-01',NULL,'',6358461,NULL,3,NULL,1,2,NULL),(201,200,'Alejandro','Stuart','','','','','','1961-03-27','2008-06-02',NULL,'',14315955,NULL,3,NULL,1,2,NULL),(202,201,'Antonio','Chantada Beloso','','Asunción 3464 Dto 2','CABA','1419','antoniochb@yahoo.com.ar','1956-05-17','2008-02-01',NULL,'011-15-4993-1132',12046372,NULL,3,NULL,1,2,NULL),(203,202,'Daiana','Muñoz de los Santos','','Villate 4471','Munro','1605','daiana.munoz@hotmail.com','1982-02-16','2009-09-01',NULL,'011-15-6844-0397',29355083,NULL,3,NULL,1,2,NULL),(204,203,'Marcela Alejandra','Demelli','','Fray Cayetano Rodriguez 3363','Munro','1605','mademelli@gmail.com','1967-12-12','2009-09-01',NULL,'011 155780-5985',18439503,1,2,4,1,1,''),(205,204,'Mabel Alicia','Ferreyros','','Israel 2168','Munro','1605','mabyfy@hotmail.com','1957-01-24','2009-09-01',NULL,'011-15-6205-9883',12776710,NULL,3,NULL,1,2,NULL),(206,205,'Esteban José','Pantarotto','','Villate 4471','Munro','1605','esteban.pantarotto2018@gmail.com','1981-03-24','2009-09-01',NULL,'011-15-6587-1967',28659297,1,2,4,1,1,''),(207,206,'Juan Carlos','Bonnardel','','','','','bonnardejc@hotmail.com','1944-02-08','2009-09-01','2013-01-07','011-15- 6566- 4445',4429049,NULL,3,NULL,1,2,NULL),(208,207,'Augusto','de Ratti','','','','','','2026-02-19','2009-10-01',NULL,'',0,NULL,3,NULL,1,2,NULL),(209,208,'Eduardo','Cassaglia','','','','','','1972-04-18','2009-11-01',NULL,'',22767309,NULL,3,NULL,1,2,NULL),(210,209,'Maria','Mosca','','Calle 92 nro 299','Villa Zagala - San Martin','1651','marianosca51@hotmail.com','1951-03-27','2010-03-01',NULL,' 11 5762-7462',0,4,3,NULL,1,1,NULL),(211,210,'Nelida Ester','Solari','','','','','','1952-11-10','2010-07-01','2013-01-07','',10365203,NULL,3,NULL,1,2,NULL),(212,211,'Patricia','Logarzo','','Av. Díaz Vélez 5171 5° 24','CABA','1424','patricialogarzo@gmail.com','1975-04-28','2005-04-15','2013-04-13','011-15-6321-1401',24588095,NULL,3,NULL,1,2,NULL),(213,212,'Silvia Susana','Nausa Fortt','','Pje.Alpatacal 6546 dpto 2','CABA','1408','sisunafoamor@yahoo.com.ar','1943-05-20','2005-07-03','2013-03-02','',4659802,NULL,3,NULL,1,2,NULL),(214,213,'Maria Eva','Duarte','','Av. Rivadavia 8669','CABA','1407','arteduarte@gmail.com','1974-01-18','2009-03-03',NULL,'011-15-4423-4264',23671265,7,3,NULL,1,1,''),(215,214,'Graciela Beatriz','Longari','','Julio A Roca 872','Lomas del Mirador','1704','gracielalongari@hotmail.com','1951-01-27','2009-06-22','2013-03-02','011-15-69832694',6357407,NULL,3,NULL,1,2,NULL),(216,215,'Nédar Abelardo','Gandon','','Lisandro de la Torre 270 dto.3','CABA','1408','ngandon@telecentro.com.ar','1926-09-23','2009-09-07','2013-03-02','011-15-58010816',6454668,NULL,3,NULL,1,2,NULL),(217,216,'Marcela','Suarez','','Pavon 2988 dto 7','C.A.B.A.','1253','marsuarez_2000@yahoo.com','1963-08-05','2009-10-27','0021-09-12','011-15-6440-8508',16945373,NULL,3,NULL,1,2,NULL),(218,217,'Claudio Javier','Vera','','Gregorio de Laferrere 3445','CABA','1406','claudiovera.cjv@gmail.com','1961-01-28','2009-11-03',NULL,'011-15-5472-5716',14310166,1,2,NULL,1,1,NULL),(219,218,'Sebastián Marcos','González','','Anchordoqui 1278','Saenz Peña','1674','sebasgonza1970@hotmail.com','1970-03-06','2010-04-08','2014-02-01','011-15-6357-7200',21537490,NULL,3,NULL,1,2,NULL),(220,219,'Néstor Mario','Garibotti','','Pje.La Facultad 1.456','CABA','1407','','1953-03-26','2010-06-01','2020-03-19','011-15-40469167',10554362,NULL,3,NULL,1,2,NULL),(221,220,'Jorge Alberto','López','','Jujuy 3110','San Justo','1754','jorgejal@yahoo.com.ar','1955-11-01','2010-09-01','2013-03-02','011-15-6906-5876',11755735,NULL,3,NULL,1,2,NULL),(222,221,'Daniel Roberto','Lopez','','Lynch 4236','San Justo','1754','daniel26sam@yahoo.com.ar','1960-02-26','2010-09-01','2013-03-02','011-15-3537-0976',13554597,NULL,3,NULL,1,2,NULL),(223,222,'Eduardo Luis','Della Valle','','Portela 770 Dto. 2','CABA','1406','eldv27@gmail.com','1959-05-27','2010-10-01','2015-10-01','011-15-5594-7911',13222551,NULL,3,NULL,1,2,NULL),(224,223,'Ernesto Miguel Angel','Di Domenico','','MARTINEZ DE HOZ 7222','CAPITAL FEDERAL','1408','ernesto_di_domenico@hotmail.com','1962-05-15','2010-10-01','2013-03-02','153116 8846',14847862,NULL,3,NULL,1,2,NULL),(225,224,'Olga Beatriz Noemi','Ronza','','Humaita 6865','CABA','1408','daniolman_9437@hotmail.com','1947-09-25','2010-11-01','2013-03-02','011-15-3211-5122',5675623,NULL,3,NULL,1,2,NULL),(226,225,'Ernesto Ricardo','Arteaga','','Sarratea 555','Moron','1708','ernestoarteaga@hotmail.com.ar','1960-12-27','2011-02-03','2013-03-02','011-15-6350-5420 011-15-3337-6783',14214429,NULL,3,NULL,1,2,NULL),(227,226,'Héctor Horacio','Paternoster','','','','','hpaternoster@gmail.com','1959-03-08','2011-03-01','2012-07-17','011-15-5501-8058',12753498,NULL,3,NULL,1,2,NULL),(228,227,'Adolfo','Zapata','','José Bonifacio','CABA','','zapata_adolfo@yahoo.com.ar','1968-06-04','2011-04-01','2013-01-07','011-15-5113-4807',20251517,NULL,3,NULL,1,2,NULL),(229,228,'Liliana Nora','Luchessi','','Fco. Raffo 3170','Saenz Peña','1674','marioyliliana@yohoo.com.ar','1940-01-27','2011-04-01','2014-02-01','011-15-50634158',3953294,NULL,3,NULL,1,2,NULL),(230,229,'Mario Isaac','Friedman','','Moreto 116 6A','CABA','1407','','1959-12-19','2011-04-03',NULL,'011-15-6717-1267',13965404,2,3,NULL,1,1,NULL),(231,230,'Luis Enrique','Ambrosini','','Ibarrola 6639 dto C','CABA','1408','luamb@hotmail.com','1958-05-29','2011-05-01','2013-03-02','011-15-5378-3204',12446421,NULL,3,NULL,1,2,NULL),(232,231,'Liliana Edith','de los Dolores','','Culpina 266 5° A','CABA','1406','','1956-03-10','2011-08-06',NULL,'011-15-61641897',12137426,1,2,NULL,1,1,NULL),(233,232,'Myriam Eva','Escobar','','Albariño 661','CABA','1440','escobarmyriam@yahoo.com','1967-06-01','2012-03-01','2015-08-01','011-15-5108-6005',18310110,NULL,3,NULL,1,2,NULL),(234,233,'Sol','Guini','','','','','solshams@yahoo.com.ar','1980-12-05','2012-03-15','2012-09-29','011-15-5955-8057',28573346,NULL,3,NULL,1,2,NULL),(235,234,'Jorge','Guini','','','','','jg@guisur.com.ar','1949-03-15','2012-03-15','2012-09-29','',0,NULL,3,NULL,1,2,NULL),(236,235,'Norberto Mario','Scalzo','','Pedro Moran 916','Lomas del Mirador','1752','scanorberto@yahoo.com','1975-01-26','2012-04-02','2013-03-02','011-1-4034-1574',24466722,NULL,3,NULL,1,2,NULL),(237,236,'Cristina','Lantaron','','Constancia 1245','Ciudadela','1702','crislantaron@hotmail.com','1961-04-20','2012-04-05','2013-03-02','011-15-6249-8649',14555589,NULL,3,NULL,1,2,NULL),(238,237,'Alejandro David ','Leiva ','','Cardozo 97','CABA','1407','adlfotos@yahoo.com.ar','1969-09-16','2012-05-05','2013-01-01','011-15-6883-4003',21090631,NULL,3,NULL,1,2,NULL),(239,238,'Ricardo','Montesano','','\"José María Moreno 675 3º \"\"G\"\"\"','CABA','','inmuebles@rmontesano.com.ar','1948-02-04','2010-04-01','2013-03-02','011-15-4044-0707',7612938,NULL,3,NULL,1,2,NULL),(240,239,'Elsa Susana','Robino','','Madero 121','CABA','1408','elsirobino@yahoo.com.ar','1963-02-03','2011-07-01','2013-03-02','011-15-6371-7611',16589294,NULL,3,NULL,1,2,NULL),(241,240,'Cecilia Rita','Lantero','','','','','cecilialantero@hotmail.com','1975-12-16','2012-06-16','2013-01-01','011-15-5369-8760',25061271,NULL,3,NULL,1,2,NULL),(242,241,'Alberto','Cao','','Miralla 485','Capital Federal','1408','','1964-10-16','2012-06-16','2022-11-12','011-15-4073-4254',17107780,1,4,NULL,1,3,''),(243,242,'Olga Ana','Szyrma','','','','','hvyoa@yahoo.com.ar','1933-10-11','2012-07-03','2012-10-07','011-15-6036-0110',3289625,NULL,3,NULL,1,2,NULL),(244,243,'Héctor Vicente','Arena','','','','','hvyoa@yahoo.com.ar','1945-05-05','2012-07-03','2012-10-07','011-15-6036-0110',4516292,NULL,3,NULL,1,2,NULL),(245,244,'Carlos Alberto','Marcogliese','','m.gamboa 6572','CABA','1408','carlosmarcogliese@hotmail.com','1959-12-15','2012-08-01','2012-11-17','011-15-38496173',13431069,NULL,3,NULL,1,2,NULL),(246,245,'Susana','Martino','','','','','',NULL,'2012-08-01','2012-11-17','',0,NULL,3,NULL,1,2,NULL),(247,246,'Javier Marcelo','Foussats Arbizu','','Argerich 1192','CABA','1416','jmfoussats@gmail.com','1964-09-06','2012-09-18','2015-09-01','011-15-6420-9691',17107520,NULL,3,NULL,1,2,NULL),(248,247,'Juan Carlos','Castagnoli','','Rafaela 4840','CABA','1407','jccastagnoli@hotmail.com','1945-01-14','2012-10-13','2013-01-07','011-15-6122-1172',7758357,NULL,3,NULL,1,2,NULL),(249,248,'Manuel','Conde Bandin','','UNANUE 5640','CAPITAL FEDERAL','1439','mcondeba@yahoo.com.ar','1955-09-06','2012-11-03','2013-04-13','011-15-4945-1693',18671541,NULL,3,NULL,1,2,NULL),(250,249,'Ricardo Alejandro','Clerici','','CORTINA 729 DTO2','CABA','1407','riclerici@hotmail.com','1955-09-09','2013-03-06','2011-06-01','011-1554822501',11737898,NULL,3,NULL,1,2,NULL),(251,250,'Mariano','Seghezzi','','angel gallardo 194 6to c','capital','','marianoseghezzi@hotmail','1988-10-09','2012-05-12','2016-11-01','011-15-67156702',33991813,NULL,3,NULL,1,2,NULL),(252,251,'Marcela Carmen','Foremny','','unamuno 1077','merlo','1722','marcelaformny@hotmail','1965-09-23','2012-05-12','2016-07-01','011-1564071159',17654794,NULL,3,NULL,1,2,NULL),(253,252,'Andrea Verónica','Avila','','\"Mercedes 72 1ro \"\"B\"\"\"','CABA','1407','andreaavila75@hotmail.com','1975-01-07','2013-03-01','2014-01-01','011-15-3647-9235',24375062,NULL,3,NULL,1,2,NULL),(254,253,'Myriam Iluminada','Rodas','','Portela  383 6B','capital Federal','1414','espejosolarr@gmail.com','1957-05-01','2013-05-02','2016-10-30','1536184302',13915902,NULL,3,NULL,1,2,NULL),(255,254,'Gabriel Horacio','Monti','','psje. ALPATACAL 6451','CABA','1408','gabomat57@gmail.com','1957-12-30','2013-09-10','2014-01-01','011-15-5178-9211',13624658,NULL,3,NULL,1,2,NULL),(256,255,'Marcelo Angel','Convertini','','Rastreador Fournier 3677','Munro','1605','mconvertini@gmail.com','1962-04-19','2013-04-01',NULL,'011-15-4490-7650',14619690,NULL,3,NULL,1,2,NULL),(257,256,'Graciela Nora','Mazzoli','','leopardi 140 piso 2 dto c','capital','1407','graciela@mazzoli.com.ar','1958-09-17','2013-10-15','2016-02-01','156-435-8382',12982291,NULL,3,NULL,1,2,NULL),(258,257,'Gabriel Eduardo','Radisic','','Zelada 5682','Capital','1440','gabsenderos@gmail.com','1961-06-29','2014-10-07','2017-08-01','011-15-5108 0096',14620832,NULL,3,NULL,1,2,NULL),(259,258,'Jorge Alberto','Eguren','','white 942','CABA','1407','jorge_eguren@hotmail.com','1952-10-16','2014-06-01',NULL,'111554689448',10605124,NULL,3,NULL,1,2,NULL),(260,259,'Maria','Zanette','','Remedios 4610','CABA','1407','menendez999@hotmail.com','1941-10-02','2013-10-12','2015-10-01','15-4531-1767',14596800,NULL,3,NULL,1,2,NULL),(261,260,'Norma','de Lara','','Segurola 1755 - 14 B','CABA','1402','','1934-10-05','2014-09-01',NULL,'15-5162-4441',852345,NULL,3,NULL,1,2,NULL),(262,261,'Eugenio','Arellano','','\"Ameghino 2767',' Dto. 1\"','Saenz Peña','remerasega@outlook.com','1974-07-27','2014-11-04',NULL,'1121890345',24800224,NULL,3,NULL,1,2,NULL),(263,262,'Nora','Racarbutto','','Dr. Ceraso 880  Dto. 3','Saenz Peña','','noraale1961@yahoo.com.ar','1961-05-19','2014-11-18',NULL,'1155873069',14555620,6,3,NULL,1,1,NULL),(264,263,'Ana Elena','Piñero','','Pasco 450 4to d','Capital','','anaelenapiñero@gmail.com','1947-12-18','2014-11-15','0021-09-12','1534467784',5753103,NULL,3,NULL,1,2,NULL),(265,264,'Maria del Carmen','Sarli','','carabobo 54 8vo c','capital','','delambar@yahoo.com.ar','1953-06-20','2015-02-15','2017-03-01','1565043486',10138931,NULL,3,NULL,1,2,NULL),(266,265,'Elisa Mónica','Lorenzo','','','','','elisamonicalorenzo@yahoo.com.ar','1962-04-26','2015-04-01',NULL,'1531641993',16557842,5,3,NULL,1,1,NULL),(267,266,'Rubén','Aliggio ','','Pasaje ezpeleta 1560 -','Avellaneda - Gerli','','aliggioruben@hotmail.com','1976-07-26','2015-04-01',NULL,'154146984',25423589,5,3,NULL,1,1,NULL),(268,267,'Maria Ester','Russo','','Uruguay 3229','Saenz Peña','1674','','1951-05-10','2015-03-03',NULL,'',6683961,NULL,3,NULL,1,2,NULL),(269,268,'Derna Emilia','Tegli','','Chacabuco 451','Villa Lynch','1672','dernaemiliategli@yahoo.com.ar','1939-11-16','2015-03-12','2017-01-01','011-156273-0660',9259729,NULL,3,NULL,1,2,NULL),(270,269,'Walter','Grimaudo','','Carlos Berg 4725','Villa Lynch','1672','labanca07@yahoo.com.ar','1970-07-07','2015-03-12','2016-01-01','011-155473-1672',21758061,NULL,3,NULL,1,2,NULL),(271,270,'Nora Elida','Sosa','','Pichincha 740 7mo d','capital','','elidanora@yahoo.com.ar','1967-03-01','2014-02-04','0021-09-12','1568086785',18268325,NULL,3,NULL,1,2,NULL),(272,271,'Iris Gladys','Morán','','Pje. Delambre 4433','Floresta -CABA','1407','irismoran@hotmail.com','1962-10-10','2015-05-26','2015-08-01','15-6163-3194',16113360,NULL,3,NULL,1,2,NULL),(273,272,'Juan Santiago','Guidobono','','Av. Rivadavia 6020 12 B','Caballito CABA','1406','jsguidobono@gmail.com','1980-08-27','2015-05-06','2015-08-01','15-5613-5012',28383579,NULL,3,NULL,1,2,NULL),(274,273,'Beatriz','Miguez','','Cajaravilla 4664','Villa Luro','','beatriz.miguez10@gmail.com','1966-08-20','2015-05-15',NULL,'011-15-6451-5010',18340547,1,2,NULL,1,1,NULL),(275,274,'Flavia Romina','Muñoz','','Besares 3264','Ciudadela','','krishnalilaad@gmail.com','1985-12-21','2015-05-05','2015-12-01','1157409777',32037507,NULL,3,NULL,1,2,NULL),(276,275,'Martina','Elizondo','','\"Lage 755',' 2°C\"','Saenz Peña','martinacelizondo@gmail.com','2006-05-03','2015-05-05',NULL,'1165921706',47206471,NULL,3,NULL,1,2,NULL),(277,276,'Claudia','Massa','','\"Lage 755',' 2°C\"','Saenz Peña','claudiaemassa@gmail.com','1968-06-07','2015-05-05','2016-01-01','1165921706',20055715,NULL,3,NULL,1,2,NULL),(278,277,'Esteban Leonardo','Martinoli','','Av. Eva Peron 3046','CABA','1406','estebanmartinoli@yahoo.com.ar','1979-09-15','2015-03-02','2016-05-30','15-4140-8334',27281115,NULL,3,NULL,1,2,NULL),(279,278,'Vladimir Maximo','Freisinger','','Gral Pacheco 3780','Olivos','','','2007-01-08','2015-05-01',NULL,'1530550660',46571888,4,3,NULL,1,1,NULL),(280,279,'Rosalia','Fernandez','','Velez Sarfiel 4651','Munro','','','1939-05-13','2015-05-01',NULL,'',1785643,NULL,3,NULL,1,2,NULL),(281,280,'Nora Mabel','Lapresa','','Av. Avellaneda 4337 7°A','CABA','1407','nlapresa@yahoo.com.ar','1952-05-20','2015-04-30','2015-12-01','15-6278-2565',10232381,NULL,3,NULL,1,2,NULL),(282,281,'Alexis','Quiroz','','Pablo Giorello 985','Santos Lugares','','thelevelup_40@hotmail.com.ar','2002-06-26','2015-10-01',NULL,'1149695679',0,NULL,3,NULL,1,2,NULL),(283,282,'Karina','Quiroz','','Pablo Giorello 985','Santos Lugares','','kariq92@hotmail.com','1992-08-11','2015-10-01',NULL,'1151594661',36919624,NULL,3,NULL,1,2,NULL),(284,283,'Claudia Magdalena','Fernandez','','\"Calle 111',' 2268\"','San Martin','claufer.cf@gmail.com','1962-01-27','2015-10-27','0021-09-12','1136992951',14945705,NULL,3,NULL,1,2,NULL),(285,284,'Adriana Patricia','Islas','','Chiclana 5515','CARAPACHAY','','jeezz._@hotmail.com','1963-07-04','2017-03-01',NULL,'011-15-6197-1993',16709963,4,3,NULL,1,1,NULL),(286,285,'Olga','Deniz','','Pastorino 50','Saenz Peña','1674','olgadeniz956@hotmail.com','1949-07-10','2016-02-23',NULL,'1562461301',6186143,6,3,NULL,1,1,NULL),(287,286,'Jorge','Sapir','','Ameghino 3321','Saenz Peña','1674','jorgesapir@ispisa.com.ar','1951-06-25','2016-06-01',NULL,'1552610262',8568532,6,3,NULL,1,1,NULL),(288,287,'Augusto','Sandes','','Espora 4774','Villa Lynch','','augustoasandes@gmail.com','1975-02-01','2017-05-12',NULL,'1555698775',24424623,6,3,NULL,1,1,NULL),(289,288,'Maria Laura','Gonzales','','P. Giorello 1955','Santos Lugares','1676','laurananda@gmail.com','1962-12-08','2017-05-26',NULL,'1567031659',16495796,6,3,NULL,1,1,NULL),(290,289,'Gustavo','Vitale','','','','','g_vitale@hotmail.com','1977-10-20','2017-09-01',NULL,'011-15-5659-7734',26311698,5,3,NULL,1,1,NULL),(291,290,'Monica','Pepe','','','','','','1955-02-21','2017-08-28',NULL,'1161897188',11111111,6,3,NULL,1,1,NULL),(292,291,'Maria Gabriela','Maidana','','','','','','1975-01-01','2017-08-30',NULL,'1132803024',23573362,1,2,6,1,1,''),(293,292,'Silvia','Villarroel','','Dr. Fleming 4075','Caseros','1678','silvia.20.07@hotmail.com','1967-05-09','2017-12-13',NULL,'1159806347',18323641,6,3,NULL,1,1,NULL),(294,293,'Cecilia Adriana','Vazquez','','Castelli 6554 1ro A','Carapachay Vicente Lopez','1605','cclvzqz@gmail.com','1965-06-11','2018-03-01',NULL,'1566721819',17674810,4,3,NULL,1,1,NULL),(295,294,'Patricia Monica','Martin','','A. Del valle 2740','Florida - Vicente López ','','Patriciamartin2014@gmail.com','1960-01-29','2018-04-05',NULL,'011 1565268130',14126562,4,3,NULL,1,1,NULL),(296,295,'Leonardo Amaro','Reyes','','A. Del Valle 2740','Florida - Vicente López ','','Leonardoreyes106@hotmail.com','1953-12-15','2018-05-01',NULL,'011 1538138336',0,4,3,NULL,1,1,NULL),(297,296,'Roberto Guillermo','Berner','','Av. Rivadavia 7872 6° C',' Floresta CABA','1407','microlatina@gmail.com','1954-10-28','2018-04-11',NULL,'1154721234',11266234,NULL,3,NULL,1,2,NULL),(298,297,'Néstor Emilio','Romano','','Mozart 71 Dto. 2','Floresta CABA','1407','','1957-01-23','2018-01-27',NULL,'011-15-4539-4419',12808431,2,3,NULL,1,1,NULL),(299,298,'Maximiliano','Vallejo','','Cervantes 116 3 B','Villa Luro','1407','vallejo.maximiliano@gmail.com','1990-11-30','2018-05-08',NULL,'01-15-6983-3050',35373676,NULL,3,NULL,1,2,NULL),(300,299,'Celina Esther','Bonelli','','Tapalqué 4915','Parque Avellaneda','1440','quica07@yahoo.com.ar','1933-08-02','2018-05-08','2018-06-01','15 3595 1288',3203955,NULL,3,NULL,1,2,NULL),(301,300,'María del Carmen','Tortorelli','','Av. Belgrano 1944 3ero A','CABA','','mariactortorelli@gmail.com','1952-09-07','2018-05-05',NULL,'011-15-5860-8592',0,5,3,NULL,1,1,NULL),(302,301,'Laura','Bianchi','','Tte gral Juan D. Perón 1980 2do E','CABA','','lasfloresdelmal35@gmail.com','1949-10-31','2018-05-05','0021-09-12','011-15-3816-8552',6356641,NULL,3,NULL,1,2,NULL),(303,302,'María Nieves','Canepa','','Pehuajó 969','CABA','1407','marianievescanepa@gmail.com','1956-11-25','2018-08-01',NULL,'011-15-5662-8233',12861976,2,3,NULL,1,1,NULL),(304,303,'María Agustina','Canalicchio Hidalgo','','Callao 2028','Villa Madero - La Matanza','1768','mariagustinach@gmail.com','1978-08-10','2019-02-12','2019-10-01','011-15-3606-8938',26796569,NULL,3,NULL,1,2,NULL),(305,304,'Marcela Teresa','Blattner','','Goya 613','CABA','1407','','1967-12-16','2019-02-16','2020-04-01','011-15-6412-1257',18515831,NULL,3,NULL,1,2,NULL),(306,305,'Christian Alexis','Radziwan','','Damaso Larrañaga 850','Parque Avellaneda','1407','oncemomias@gmail.com','1977-01-27','2019-10-15',NULL,'011-15-3561-4325',25795080,2,3,NULL,1,1,NULL),(307,306,'Alberto Dionisio','Ferreira','','Baradero 438','Floresta Caba','1417','albertodferreira54@gmail.com','1952-10-08','2019-10-29',NULL,'011-15-6746-4434',10546588,7,3,NULL,1,1,''),(308,307,'Gabriel Roberto','Seisdedos','','Mozart 270','Villa Luro','1407','','1964-10-10','2020-01-07',NULL,'011-15-2372-1538',17135610,2,3,NULL,1,1,''),(309,308,'Cayetano Castulo','Peralta','','Ulrico Schmidt 5907 ','Villa Luro CABA','1440','','1949-10-25','2019-12-14','2021-03-01','011-15-6472-2423',7841673,NULL,3,NULL,1,2,NULL),(310,309,'Carolina Silvana','Chozas','','Horacioi Casco 4884','Lugano','1439','Lic.chozas@gmail.com','1974-06-26','2020-02-29','2020-03-30','011-15-6000-5595',24030255,NULL,3,NULL,1,2,NULL),(311,310,'Sonia','Rinaldi','','Chivilcoy 74 CABA','Floresta','1407','elizabeth789740@yahoo.com.ar','1959-09-26','2020-03-03','2020-03-30','011-15-3474-9642',13740789,NULL,3,NULL,1,2,NULL),(312,311,'Marcelo Ricardo','Palmieri','','Guardia Nacional 2260','CABA','1440','palmmr@gmail.com','1959-04-24','2019-05-10','2020-04-01','011-15-3671-0474',13111414,NULL,3,NULL,1,2,NULL),(313,312,'Agustín','Malpede','','Cuenca 2718   5to piso','CABA','1417','agustin.malpede@gmail.com','1989-10-26','2021-01-19',NULL,'011-15-4083-3413',34890250,5,3,NULL,1,1,NULL),(314,313,'Daniel Héctor','Canessa','','2 - Sede Floresta - Lin Shen','Pasaje Málaga 5678','CABA','firewolf05@gmail.com','1971-05-31','2022-02-01',NULL,'011-15-3637-7011',22237100,2,3,NULL,1,1,NULL),(315,314,'Ricardo Bernabé','Milazzo','','Cavia 379','San Justo','1752','rmilazzo56@gmail.com','1956-11-25','2022-07-01',NULL,'011-15-6956-1466',12987365,NULL,3,NULL,1,2,NULL),(316,315,'Pablo Leonardo','Avila','','B. Vidal 25 depto 4','Monte Grande','1842','Pabloleonardoavila@gmail.com','1992-01-10','2023-01-15',NULL,'0111541907131',36787020,NULL,3,NULL,1,2,NULL),(317,316,'Patricia Ana María','Pugliese','','Austria 2033 - 5° A ','CABA','1425','pugliesepatricia4@gmail.com','1959-07-05','2022-08-02',NULL,'011-15-3151-5881',13276039,7,3,NULL,1,1,''),(318,317,'Fernando Cesar ','Oviedo ','','\"Estero Bellaco 962',' dto 2\"','Ciudadela ','titiniushuergus@gmail.com','1960-11-24','2021-11-26',NULL,'011-5117-6571',0,2,3,NULL,1,1,NULL),(319,318,'Cesar Leonardo','Lopez Baltazar','','Pieres 939 Dto 2','CABA','1440','clopezbaltazar@gmail.com','1966-12-24','2022-10-01',NULL,'11-5847-8319',18060114,7,3,NULL,1,1,''),(320,319,'Fernando Carlos','Astete','','Cajaravilla 4663','Ciudad autónoma de Buenos Aires','1407','fernando.astete@easy.com.ar','2022-10-21','2022-07-02',NULL,'011 15 35252110',20506614,2,3,NULL,1,1,NULL),(321,320,'GUSTAVO PABLO','SALDAÑA ','','Pasaje  El Totoral 1074','Sarandi       Avellaneda','1872','uyuniorganicos@gmail-com','1970-10-01','2021-06-30',NULL,'011 15  6161 8177',21832334,NULL,3,NULL,1,2,NULL),(322,321,'Rosa Angelica','Tejedor','','Sarandi 224   3ero B','CABA','1081','rtejedor@bago.com.ar','1964-05-30','2022-10-30',NULL,'',17577237,NULL,3,NULL,1,2,NULL),(323,322,'Angel Alberto','Leonelli','','Venezuela 2353  8vo piso dpto 208','CABA','','albertoleonelli@gmail.com','1964-04-05','2023-03-01',NULL,'011 15  5878 2510',16626940,NULL,3,NULL,1,2,NULL),(324,323,'Ruth Liliana','Aquino Macedo','','Rincon 1260','CABA','1251','ruthliliana.aquino@gmail.com','1968-09-12','2022-09-04',NULL,'',94034610,NULL,3,NULL,1,2,NULL),(325,324,'Juan Emilio','Odriozola','','Azcuenaga 217','CABA','1089','juaneodriozola@gmail.com','1980-10-05','2023-05-13',NULL,'1136939298',27883485,NULL,3,NULL,1,2,NULL),(326,325,'Julio Cesar','Haag','','Moreno 2595    5to C','CABA','1094','INFO@HLNET.COM.AR','1965-06-11','2023-12-04',NULL,'011-15-30523895',175645234,5,3,NULL,1,1,NULL),(327,326,'Jacqueline','Fonrouge','','Tucuman 3636  dpto  3','CABA','1173','jacquelinefonrouge@gmail.com','1959-05-02','2024-01-04',NULL,'011-15-58862756',13208855,5,3,NULL,1,1,NULL);
/*!40000 ALTER TABLE `bosquetaoista_persona` ENABLE KEYS */;
UNLOCK TABLES;

--
-- Table structure for table `bosquetaoista_personaextra`
--

DROP TABLE IF EXISTS `bosquetaoista_personaextra`;
/*!40101 SET @saved_cs_client     = @@character_set_client */;
/*!50503 SET character_set_client = utf8mb4 */;
CREATE TABLE `bosquetaoista_personaextra` (
  `id` bigint(20) NOT NULL AUTO_INCREMENT,
  `comentario` varchar(1000) NOT NULL,
  `persona_id` bigint(20) NOT NULL,
  `tipoextra_id` bigint(20) NOT NULL,
  PRIMARY KEY (`id`),
  KEY `bosquetaoista_person_persona_id_11f7b32c_fk_bosquetao` (`persona_id`),
  KEY `bosquetaoista_person_tipoextra_id_7c567997_fk_bosquetao` (`tipoextra_id`),
  CONSTRAINT `bosquetaoista_person_persona_id_11f7b32c_fk_bosquetao` FOREIGN KEY (`persona_id`) REFERENCES `bosquetaoista_persona` (`id`),
  CONSTRAINT `bosquetaoista_person_tipoextra_id_7c567997_fk_bosquetao` FOREIGN KEY (`tipoextra_id`) REFERENCES `bosquetaoista_tipoextra` (`id`)
) ENGINE=InnoDB AUTO_INCREMENT=581 DEFAULT CHARSET=latin1 COLLATE=latin1_swedish_ci;
/*!40101 SET character_set_client = @saved_cs_client */;

--
-- Dumping data for table `bosquetaoista_personaextra`
--

LOCK TABLES `bosquetaoista_personaextra` WRITE;
/*!40000 ALTER TABLE `bosquetaoista_personaextra` DISABLE KEYS */;
INSERT INTO `bosquetaoista_personaextra` VALUES (1,'Hsing She',1,1),(2,'Ching Lung (Dragón Dorado) -  Ex (Shui Lung (Dragón de Agua))',30,1),(3,'Bai Lang (Lobo Blanco)',87,1),(4,'Hai Niu (Dama del Mar)',152,1),(5,'Sou Suo (El Buscador)',159,1),(6,'Mu Yang (Cabra de Madera)',171,1),(7,'Tien Ho (Grulla del Cielo)',204,1),(8,'Hu Lung (Dragón de Lago)',206,1),(9,'Wang Tsue',218,1),(10,'Yudo, taekwondo, Sipalki, Kung Fu',1,2),(11,'Shaolin',19,2),(12,'karate do goju ryu, shotokan, tai chi chuan yang, wing tsun leung tin',87,2),(13,'Taekwondo',122,2),(14,'Forma 24 y 42',202,2),(15,'TAi Chi Chuan',203,2),(16,'tai chi chuan',204,2),(17,'Tai Chi Chuan - Shokyu de Toitsu Aikido',205,2),(18,'Tai Chi Chuan',206,2),(19,'Lucha grecoromana',207,2),(20,'taichichuan',213,2),(21,'Sipalki',221,2),(22,'Defensa personal y Taekwondo',226,2),(23,'tai chi chuan',227,2),(24,'Tae Kuon Do, Kum Do',228,2),(25,'Taekwondo',233,2),(26,'Kung Fu',238,2),(27,'TAI CHI CHUAN ESTILO YANG - PUÑO - ESPADA Y ABANICO',241,2),(28,'kung fu-tkd-pakua-aikido-',242,2),(29,'YUDO',249,2),(30,'TAI CHI CHUAN',250,2),(31,'Yoga',261,2),(32,'Muy poco Tai Chi, Chi Kung',262,2),(33,'Tai Chi (Yoshinryu)',263,2),(34,'taichi, pakua yang',266,2),(35,'Kung Fu',272,2),(36,'Chi Kung terspeutico y Kung Fu',273,2),(37,'Tai chi. Chi kung. Yoga',274,2),(38,'Tai Chi',278,2),(39,'Kung Fu Kou Shw',289,2),(40,'Karate do',297,2),(41,'Pa kua',298,2),(42,'Tae kwon do ',299,2),(43,'Natación y básquet',300,2),(44,'Tai Chi con Ana Wu',303,2),(45,'Karate',304,2),(46,'Tai Chi',306,2),(47,'TAE kwon Do',308,2),(48,'Tai Chi ',309,2),(49,'',317,2),(50,'Taekwondo',319,2),(51,'Taekwondo',320,2),(52,'yoga',321,2),(53,'Kun Fu,  Chi Kung,  Sable, primera parte de espada en Tai Chi',322,2),(54,'Breve curso de Tai Chi en 1990',323,2),(55,'Tecnica Alexander y Danza contemporanea',325,2),(56,'KUNG FU',326,2),(57,'TAI CHI',327,2),(58,'Funda la Escuela',1,3),(59,'Comenzó anteriormente a 1984, volvió a comenzar por el 2000 y recomenzó en 2011',29,3),(60,'\"Escoliosis\nhernia de disca lumbar\"',58,3),(61,'\"Habiendo comenzado la práctica en abril de 1991, sin una fecha fehaciente de la interrupción de la misma se estima un período de practica de año y medio.\nReinicia la práctica en noviembre de 2015\"',76,3),(62,'\"Esta graduado de Instructor\nAbandona la práctica y entrega los símbolos\nVuelve al estatus de alumno\"',84,3),(63,'docente en escuelas medias 12.',85,3),(64,'Remplazo total de cadera izquierda',90,3),(65,'\"Inició la practica en enero de 1997 en sede Ai Lin y la abandonó poco tiempo después.\nEn Abril de 2017 reinicia la práctica por severos probñemas de columnoa con 3 hernias de disco a nivel lumbar\"',92,3),(66,'Trabajo sedentario. Dolores lumbares',122,3),(67,'\"Servicio Tecnico Informatico\n10 hs. diarias\nRenuncia a la escuela por razones personales y se le acepta la renuncia por haber causado problemas internos dentro de la agrupación.\nSe recomienda la No reincorporación a la agrupación sin previo estudio del concilio de Instructores\"',165,3),(68,'\"Padece de fibromialgias - Dificultades severas para mantener la continuidad en la práctica\nDeja la practica por periódo prolongadoy retoma varias veces. La última vez retoma en febrero de 2014\"',170,3),(69,'\"Empleado, cantidad horas aprox 9 o más, hipertensión arterial, cáncer de próstata (en remisión). La fecha de Ingreso es aproximada.\nRecaida en su estado de salud aproximadamente en septiembre de 2016. No interrumpe la práctica aunque se ausenta muy seguido por razones de salud \nFallecido el 23 de marzo de 2021 (se recibió la comunicación a las 0:12, o sea que podría haber fallecido el 22 de marzo a última hora del día)\"',171,3),(70,'Trabajo en una ferreteria de 8.30 a 13.00 hs. y 15.00 a 19.30 hs y sabados de 8.30 a 14.00 y 16 a 19 hs.  soy alergico al polen  hongos. y sufro de colon irritable. ',192,3),(71,'trabajo en un frigorifico,tareas de control  en planta y de laboratorio.de 7 a 18 hs de lunes a viernas',202,3),(72,'Ama de casa, frecuentes dolores de cintura y espalda.',203,3),(73,'Tecnico de Laboratorio, 9 hs. diarias mayormente de pie. Frecuentes dolores de espalda  y cervical, contracturas y dolores de cabeza.',206,3),(74,'No tengo problemas de salud. Soy psicopedagoga.',212,3),(75,'\"jubilada docente.-Asistente Social.-\n\nSalud : epilepsia (tratada por mèdico homeopata.-Dr. Cataldi).-\"',213,3),(76,'Transtornos progresivos de equilibrio por enfermedad genetica',215,3),(77,'Comencé taichi por prescripción médica, desde 2008 padezco canalparesia por hydrops en el oído izquierdo, lo que ocasiona trastorno de equilibrio.',217,3),(78,'\"Retirado Policía Federal Argentina, realizo tareas diferentes. Enfermedad que padezco es Diabetes Mellitus,  algunas enfermedades artrósicas, adicto al tabaco en recuperación. Esta actividad diciplinaria fue recomendada por  Médico Cardiólogo de mi Instituciòn que dirijió  la cura de la adicción mencionada.\nEntre Julio y Noviembre del 2016 interrumpe la práctica por una intervensión quirurgina a corazón abierto, según sus dichos se le detecta una angina de pecho.\nReinicia la práctica en noviembre con excelente predisposición y voluntad\"',220,3),(79,'Telefonica de Argentina, 9 hs, alergia.',221,3),(80,'El lugar fisico no es el apropiado ,para la actividad que realizamos.como alumno muy conforme con el desempeño del profesor.y descubri  una actividad que en lo personal me siento muy conforme',222,3),(81,'SOY CONTADOR Y SUFRO DE HIPERTENSION ARTERIAL ADEMAS DE SOBREPESO SUMADO A TRASTORNOS DE ANSIEDAD',224,3),(82,'\"empleado administrativo contable\n8 hs al día\"',227,3),(83,'Administrativo',228,3),(84,'Deja la práctica el 19-feb.-2013 - Retoma la práctica en abril del 2015',233,3),(85,'empleada administrativa, 9 hs. diarias, 5 dias a la semana.',237,3),(86,'Reportero Grafico. 6 Horas de Trabajo. Hipertenso',238,3),(87,'Fallecido el sábado 12/11/2022 en Jujuy mientras estaba de vacaciones. Estaba a meses de rendir evaluación de instructurado',242,3),(88,'hipertension',245,3),(89,'\"- En tratamiento por Hipertensión arterial e Hipotiroidismo.\n- Fractura expuesta peroné miembro inferior derecho (lesión ocurrida hace 23 años). Tobillo con artrosis.\n- Uso de plantillas (diferentes tipos), para actividad normal y para actividad física.\n- Lesiones óseas y articulares varias (esguinces, fisuras, dislocaciones, distensiones).\"',247,3),(90,'transplante hepatico realizado 6-7-2012',248,3),(91,'FRACTURA DE HUMERO IZQUIERDO Y DESTRUCCION DE CODO. ',249,3),(92,'Suspende la práctica en 6-ago.-2013 por razones de salud - Reinicia la práctica en febrero de 2015',254,3),(93,'\"Trabajo de oficina . 9 horas x dia.\nProblemas de Salud:\nHipertension Arterial (Medicado)\"',256,3),(94,'\"Soy hiv positivo\nInterrumpe la práctica entre febrero de 2016 y noviembre de 2016\"',257,3),(95,'\"Ocupación: jubilado docente\nSalud: *alergia / sinusitis / en ocasiones episodios asmáticos controlado (comentado con especialista aprobó que practique)\n          *con esfuerzos mal hechos dolores de ciatico\"',259,3),(96,'\"Jubilada - Artrosis cervical - ANTIGUA HERNIA DE DISCO\nDeja de practicar en abril del 2015 y retoma en agosto del mismo año\"',260,3),(97,'Jubilada - Columna con escoliosis. Cervicales. Hipertensión. Osteoporosis.',261,3),(98,'Cartero. Uso de Bicicleta (9 Hs diarias). Pie Plano',262,3),(99,'\"Trabajo: Gestoria judicial.\nDolencias en Rodillas., sobre todo la derecha. \"',263,3),(100,'\"Jubilada trabajadora social, \nRealizo yoga\"',264,3),(101,'\"Ama de casa.\nrealizo yoga\"',265,3),(102,'\"Psicologa , docente\nPractica pilates y acuagim\"',266,3),(103,'\"Empleado\nPractica yoga, gimnasia y roller\"',267,3),(104,'\"Trabajo: Venta de cosmeticos (medio turno)\nPracticas anteriores: Danza - Flamenco\nProblemas de salud: Rodilla izquierda (golpe por una caida), problemas de higado, vertebras lumbares\"',268,3),(105,'\"Trabajo que realiza: Docente particular\nPracticas anteriores: Yoga, caminata, Basket y voley\nProblemas de salud: cervicales, pico de loro (4ta vertebra)\"',269,3),(106,'\"Trabajo que realiza: Casa de lotería (6:30 a 20:45 hs)\nPracticas anteriores: Futbol, Correr. Problemas de salud: Tuvo ernia cervical\"',270,3),(107,'Alergias',271,3),(108,'Judicial. No manifiesta. Profesora de yoga terapéutica integral. Masajista. Reiki',272,3),(109,'Contractura cervical. ',273,3),(110,'Lordosis, escoleosis, rectificación de cervicales. Estiramiento de ligamentos de rodilla izquierda. ',274,3),(111,'\"Practico Danza, Yoga y Parkour\nHipertiroidismo (toma Danantisol)\"',275,3),(112,'Practico Natacion y patin. Posee pie plano y sufre dolores en las rodillas',276,3),(113,'\"Practicó Pilates y Gimnasio. \nPosee trastorno de ansiedad (con tratamiento psiquiatrico). Utiliza plantillas por pie plano. Rodillas con dolores. Tuvo un Fibroma (histerectomia total)\"',277,3),(114,'Problemas de rodillas. ',278,3),(115,'escuela primaria, epilepsia infantil y celiaco',279,3),(116,'jubilada, artritis y artrosis multiple',280,3),(117,'Psicologa y eutonista. Colesterol',281,3),(118,'Tuvo Asma desde los 6 meses de vida. Hasta el 2014 uso Puff',282,3),(119,'Posee alergias y Asma (fue internada de chica 3 veces)',283,3),(120,'Algunos problemas de vista',284,3),(121,'Parkinson',287,3),(122,'Neurofibromatosis - Fibromialgia',289,3),(123,'Presión alta',296,3),(124,'\"Desarrollador controles automáticos . Docente\nHipertensión medicada\"',297,3),(125,'Odontólogo y docente',298,3),(126,'\"Escoliosis lumbar y accidente de moto y fractura de barco izquierdo en el hombro con dos clavos de titanio\nSeguridad informática en presidencia\"',299,3),(127,'Rodillas dolorida',300,3),(128,'\"Cancer de mama en recuperación\n\nSíndrome vertiginoso en recuperación\"',301,3),(129,'\"Escultora. Jubilada de docencia. Práctica natación y yoga\nTeléfono del hijo 15 4029 5652\"',303,3),(130,'Docente',305,3),(131,'\"Jubilado de Segba en RRHH\nHemoroides\"',307,3),(132,'Lic administracion',308,3),(133,'\"Jubilado industria química\nOperado de rodilla ligamentos cruzado, de próstata \nOperado de la columna en zona lumbar\nAlérgico al polen\n\"',309,3),(134,'Psicóloga ',310,3),(135,'Contadora',311,3),(136,'3 hernias de disco lumbares. Problemas cervicales. Cefaleas cronicas y alergia',312,3),(137,'Pie plano',313,3),(138,'Me recomendaron practicar esta actividad debido a  que hace más de 10 años padezco Parkinson. ',314,3),(139,'Puedo solicitar certificado la próxima vez que consulte a mi médico por controles habituales.',315,3),(140,'Administración, 9 horas. Hipertensión.',318,3),(141,'Remiseria',321,3),(142,'Escoliosis ',322,3),(143,'profesor e Investigador Artes Visuales UNA',323,3),(144,'CX de Timpanoplastia OD 2012,  manguito rotador, hipotension',324,3),(145,'Neurodositis àtrapamiento del tunel cubital en ambos brazos, le dificulta tocar piano y guitarra.',325,3),(146,'Reemplazo total Cadera derecha, Hipertenso',326,3),(150,'Otros',1,4),(151,'Conocidos',29,4),(152,'Conocidos',30,4),(153,'Conocidos',33,4),(154,'Conocidos',58,4),(155,'Conocidos',59,4),(156,'Viendo Practicas',69,4),(157,'Conocidos',85,4),(158,'Conocidos',87,4),(159,'Conocidos',90,4),(160,'Anuncio de Internet',112,4),(161,'Conocidos',113,4),(162,'Anuncio de Internet',114,4),(163,'Revistas',115,4),(164,'Conocidos',116,4),(165,'Revistas',117,4),(166,'Anuncio o publicidad en locales',118,4),(167,'Anuncio o publicidad en locales',119,4),(168,'Anuncio o publicidad en locales',120,4),(169,'Anuncio de Internet',121,4),(170,'Anuncio de Internet',122,4),(171,'Anuncio de Internet',123,4),(172,'Anuncio de Internet',124,4),(173,'Anuncio de Internet',126,4),(174,'Anuncio o publicidad en locales',127,4),(175,'Conocidos',128,4),(176,'Anuncio o publicidad en locales',129,4),(177,'Conocidos',130,4),(178,'Anuncio o publicidad en locales',131,4),(179,'Conocidos',132,4),(180,'Anuncio de Internet',135,4),(181,'Anuncio de Internet',136,4),(182,'Anuncio de Internet',137,4),(183,'Anuncio o publicidad en locales',138,4),(184,'Anuncio de Internet',139,4),(185,'Anuncio de Internet',140,4),(186,'Anuncio de Internet',141,4),(187,'Anuncio de Internet',142,4),(188,'Anuncio de Internet',143,4),(189,'Anuncio o publicidad en locales',144,4),(190,'Anuncio de Internet',145,4),(191,'Anuncio de Internet',146,4),(192,'Anuncio de Internet',147,4),(193,'Anuncio de Internet',148,4),(194,'Anuncio de Internet',149,4),(195,'Anuncio de Internet',150,4),(196,'Anuncio de Internet',151,4),(197,'Dr. Arana',152,4),(198,'Buscador de Internet',153,4),(199,'Anuncio de Internet',154,4),(200,'Anuncio de Internet',155,4),(201,'Anuncio de Internet',156,4),(202,'Anuncio de Internet',157,4),(203,'Anuncio de Internet',158,4),(204,'Conocidos',159,4),(205,'Buscador de Internet',160,4),(206,'Anuncio de Internet',161,4),(207,'Anuncio de Internet',162,4),(208,'Anuncio de Internet',163,4),(209,'Anuncio de Internet',164,4),(210,'Buscador de Internet',165,4),(211,'Anuncio de Internet',166,4),(212,'Anuncio de Internet',167,4),(213,'Anuncio de Internet',168,4),(214,'Revistas',169,4),(215,'Anuncio de Internet',170,4),(216,'Buscador de Internet',171,4),(217,'Anuncio de Internet',172,4),(218,'Anuncio de Internet',173,4),(219,'Conocidos',174,4),(220,'Anuncio de Internet',175,4),(221,'Anuncio de Internet',176,4),(222,'Anuncio de Internet',177,4),(223,'Anuncio de Internet',178,4),(224,'Anuncio de Internet',179,4),(225,'Anuncio de Internet',180,4),(226,'Anuncio de Internet',182,4),(227,'Anuncio de Internet',183,4),(228,'Anuncio de Internet',184,4),(229,'Anuncio de Internet',185,4),(230,'Anuncio de Internet',186,4),(231,'Anuncio o publicidad en locales',187,4),(232,'Anuncio de Internet',188,4),(233,'Anuncio de Internet',189,4),(234,'Anuncio de Internet',190,4),(235,'Anuncio de Internet',191,4),(236,'Conocidos',192,4),(237,'Anuncio de Internet',193,4),(238,'Anuncio de Internet',194,4),(239,'Anuncio de Internet',195,4),(240,'Anuncio de Internet',196,4),(241,'Anuncio de Internet',197,4),(242,'guia barrial',198,4),(243,'Anuncio de Internet',199,4),(244,'Anuncio de Internet',200,4),(245,'Revistas',201,4),(246,'Buscador de Internet',202,4),(247,'Buscador de Internet',203,4),(248,'Buscador de Internet',204,4),(249,'Buscador de Internet',205,4),(250,'Buscador de Internet',206,4),(251,'Anuncio de Internet',207,4),(252,'Anuncio de Internet',208,4),(253,'Anuncio de Internet',209,4),(254,'Conocidos',210,4),(255,'Conocidos',211,4),(256,'Buscador de Internet',212,4),(257,'Anuncio de Internet',213,4),(258,'Anuncio o publicidad en locales',214,4),(259,'Revistas',215,4),(260,'Buscador de Internet',216,4),(261,'Anuncio de Internet',217,4),(262,'Anuncio de Internet',218,4),(263,'Conocidos',219,4),(264,'Buscador de Internet',220,4),(265,'Anuncio de Internet',221,4),(266,'Anuncio de Internet',222,4),(267,'Buscador de Internet',223,4),(268,'Buscador de Internet',224,4),(269,'Anuncio de Internet',225,4),(270,'Anuncio de Internet',226,4),(271,'Buscador de Internet',227,4),(272,'Conocidos',228,4),(273,'Conocidos',229,4),(274,'Anuncio de Internet',230,4),(275,'Anuncio de Internet',231,4),(276,'Conocidos',232,4),(277,'Buscador de Internet',233,4),(278,'Buscador de Internet',234,4),(279,'Buscador de Internet',235,4),(280,'Anuncio de Internet',236,4),(281,'amiga de amiga del Club Liniers',237,4),(282,'Buscador de Internet',238,4),(283,'Buscador de Internet',239,4),(284,'Buscador de Internet',240,4),(285,'Buscador de Internet',241,4),(286,'Buscador de Internet',242,4),(287,'Buscador de Internet',243,4),(288,'Buscador de Internet',244,4),(289,'Conocidos',245,4),(290,'Buscador de Internet',247,4),(291,'Anuncio de Internet',248,4),(292,'HECTOR DURAN',249,4),(293,'Buscador de Internet',250,4),(294,'Anuncio de Internet',251,4),(295,'Anuncio de Internet',252,4),(296,'Buscador de Internet',253,4),(297,'Buscador de Internet',254,4),(298,'Anuncio o publicidad en locales',255,4),(299,'Buscador de Internet',256,4),(300,'Conocidos',257,4),(301,'Buscador de Internet',258,4),(302,'Conocidos',259,4),(303,'Anuncio o publicidad en locales',260,4),(304,'Recomendación médica. Traumatologo Fernando Martinez',261,4),(305,'Anuncio o publicidad en locales',262,4),(306,'Anuncio o publicidad en locales',263,4),(307,'Anuncio de Internet',264,4),(308,'Anuncio de Internet',265,4),(309,'Anuncio de Internet',266,4),(310,'Anuncio de Internet',267,4),(311,'Anuncio o publicidad en locales',268,4),(312,'Anuncio o publicidad en locales',269,4),(313,'Anuncio o publicidad en locales',270,4),(314,'Anuncio de Internet',271,4),(315,'Buscador de Internet',272,4),(316,'Anuncio de Internet',273,4),(317,'Anuncio de Internet',274,4),(318,'Buscador de Internet',275,4),(319,'Anuncio o publicidad en locales',276,4),(320,'Anuncio o publicidad en locales',277,4),(321,'Conocidos',278,4),(322,'en el club',279,4),(323,'Revistas',280,4),(324,'Conocidos',281,4),(325,'Anuncio o publicidad en locales',282,4),(326,'Anuncio o publicidad en locales',283,4),(327,'Anuncio o publicidad en locales',284,4),(328,'Buscador de Internet',285,4),(329,'Anuncio o publicidad en locales',286,4),(330,'Anuncio o publicidad en locales',287,4),(331,'Buscador de Internet',288,4),(332,'Anuncio o publicidad en locales',289,4),(333,'Conocidos',290,4),(334,'Facebook',291,4),(335,'Anuncio o publicidad en locales',292,4),(336,'Anuncio o publicidad en locales',293,4),(337,'Facebook',294,4),(338,'Anuncio de Internet',295,4),(339,'Anuncio de Internet',296,4),(340,'Sitio web',297,4),(341,'Sitio web',298,4),(342,'Volante',299,4),(343,'Sitio web',300,4),(344,'Buscador de Internet',301,4),(345,'Buscador de Internet',302,4),(346,'Buscador de Internet',312,4),(347,'Conocidos',313,4),(348,'Buscador de Internet',314,4),(349,'Conocidos',315,4),(350,'Buscador de Internet',316,4),(351,'Conocidos',317,4),(352,'Buscador de Internet',318,4),(353,'Anuncio de Internet',319,4),(354,'Conocidos',320,4),(355,'Facebook',321,4),(356,'Anuncio de Internet',322,4),(357,'Buscador de Internet',323,4),(358,'Anuncio de Internet',324,4),(359,'Buscador de Internet',325,4),(360,'Buscador de Internet',326,4),(361,'Conocidos',327,4),(362,'Instructor Mario Swartz - Gillermo Menegusi - Maestro Tsun Kuen Ma - Maestro Lü Chen Ming - Maestro Liu Pai Lin',1,5),(363,'Hsing She',2,5),(364,'Hsing She',3,5),(365,'Hsing She',4,5),(366,'Hsing She',5,5),(367,'Hsing She',6,5),(368,'Hsing She',7,5),(369,'Hsing She',8,5),(370,'Hsing She',9,5),(371,'Hsing She',10,5),(372,'Hsing She',11,5),(373,'Hsing She',12,5),(374,'Hsing She',13,5),(375,'Hsing She',14,5),(376,'Hsing She',15,5),(377,'Hsing She',16,5),(378,'Hsing She',17,5),(379,'Hsing She',18,5),(380,'Hsing She',19,5),(381,'Hsing She',20,5),(382,'Hsing She',21,5),(383,'Shui Lung',29,5),(384,'Hsing She',30,5),(385,'Hsing She',33,5),(386,'\"Hsing She\nShui Lung\"',58,5),(387,'Hsing She',59,5),(388,'Shui Lung',76,5),(389,'Daniel',78,5),(390,'Daniel',79,5),(391,'\"Daniel\nHsing She\nDiego\"',84,5),(392,'Hsing She',85,5),(393,'Shui Lung',87,5),(394,'Daniel',88,5),(395,'Daniel',89,5),(396,'Hsing She',90,5),(397,'Shui Lung',98,5),(398,'Daniel',99,5),(399,'Daniel',100,5),(400,'Daniel',101,5),(401,'Liliana',110,5),(402,'Liliana',111,5),(403,'Daniel',112,5),(404,'Daniel',113,5),(405,'Daniel',114,5),(406,'Daniel',115,5),(407,'Liliana',116,5),(408,'Liliana',117,5),(409,'Jose Luis',118,5),(410,'Jose Luis',119,5),(411,'Jose Luis',120,5),(412,'Daniel',121,5),(413,'Shui Lung',122,5),(414,'\"Liliana\nHsing She\"',131,5),(415,'Shui Lung',152,5),(416,'Liliana',160,5),(417,'Shui Lung',165,5),(418,'Shui Lung',170,5),(419,'Shui Lung',171,5),(420,'Hector Martinez',192,5),(421,'Hector Martinez',198,5),(422,'Liliana',202,5),(423,'Tu Kou',203,5),(424,'Tu Kou',204,5),(425,'Tu Kou',205,5),(426,'Tu Kou',206,5),(427,'Jose Luis',207,5),(428,'Shui Lung',212,5),(429,'Hector Martinez',213,5),(430,'\"Daniel\nDiego\"',214,5),(431,'Hector Martinez',215,5),(432,'Hector Martinez',216,5),(433,'Raquel Cohen',217,5),(434,'Shui Lung',218,5),(435,'Leonor Simon',219,5),(436,'Shui Lung',220,5),(437,'Hector Martinez',221,5),(438,'Hector Martinez',222,5),(439,'Shui Lung',223,5),(440,'Hector Martinez',225,5),(441,'Hector Martinez',226,5),(442,'Shui Lung',227,5),(443,'Shui Lung',228,5),(444,'Leonor Simon',229,5),(445,'Shui Lung',230,5),(446,'Hector Martinez',231,5),(447,'\"Shui Lung\nHsing She\"',232,5),(448,'Shui Lung',233,5),(449,'Shui Lung',234,5),(450,'Shui Lung',235,5),(451,'Shui Lung',238,5),(452,'Shui Lung',241,5),(453,'Shui Lung',242,5),(454,'Shui Lung',247,5),(455,'Shui Lung',248,5),(456,'Shui Lung',249,5),(457,'Shui Lung',254,5),(458,'Tu Kou',256,5),(459,'Shui Lung',257,5),(460,'Shui Lung',258,5),(461,'Shui Lung',259,5),(462,'Shui Lung',260,5),(463,'\"Shui Lung\nHsing She\"',274,5),(464,'\"Pablo Kot\nHsing She\"',292,5),(465,'Shui Lung',298,5),(466,'Shui Lung',299,5),(467,'Shui Lung',303,5),(468,'Shui Lung',304,5),(469,'Shui Lung',305,5),(470,'Shui Lung',306,5),(471,'\"Daniel\nDiego\"',307,5),(472,'Shui Lung',308,5),(473,'Shui Lung',309,5),(474,'Diego',310,5),(475,'Shui Lung',311,5),(476,'Diego',317,5),(477,'Diego',319,5),(479,'No',1,6),(480,'En abril de 2018 participo del curso sobre la preparción ceremonial del Té, Cha Shu. Se extendieron certificados de participación',1,7),(481,'',19,6),(482,'\"En abril de 2018 participo del curso sobre la preparción ceremonial del Té, Cha Shu. Se extendieron certificados de participación\nEn 2021 Curso de Historia del Taoísmo\"',33,7),(483,'\"En abril de 2018 participo del curso sobre la preparción ceremonial del Té, Cha Shu. Se extendieron certificados de participación.\nEn  agosto de 2021 Curso Devenir Histórico del Taoísmo\"',58,7),(484,'En abril de 2018 participo del curso sobre la preparción ceremonial del Té, Cha Shu. Se extendieron certificados de participación',69,7),(485,'\"En abril de 2018 participo del curso sobre la preparción ceremonial del Té, Cha Shu. Se extendieron certificados de participación\nEn 2022 participó del seminario de Tui Shou\"',76,7),(486,'\"En abril de 2018 participo del curso sobre la preparción ceremonial del Té, Cha Shu. Se extendieron certificados de participación.  En agosto de 2021 aprobó el Curso de Historia del Taoísmo.\nEn 2021 Curso de Historia del Taoísmo\"',85,7),(487,'Si',87,6),(488,'\"Introducción al fenómeno reflexivo de la literatura Taoísta (entre 1994 y 1996)\nIntroducción a las cinco funciones de la naturaleza (entre 1994 y 1996)\nPreparación Tradicional del Té (entre 1994 y 1996)\n8 técnicas de Tui Na 2011\nCircuitos de relajación de Tui Na 2011\nSeminario de esfera Wu Tang de Tai Chi 2012\n2° congreso Hung Lin del estilo Yang 2012\nSeminario de abanico estilo Yang 2013\nActualmente en curso de Tui Shou 2014\nAprueba exámen de nivel y egreso como Shi Hing en mayo 2014\nCurso de técnicas de instructorado dictado por el Maestro Héctor Durán Agra agosto septiembre de 2014\nEn abril de 2018 participo del curso sobre la preparción ceremonial del Té, Cha Shu. Se extendieron certificados de participación\"',87,7),(489,'\"Inicia la práctica en 1994 y lo hace hasta 1996. Interrumpe la práctica hasta abril del 2012.\nParticipa en diversos Encuentros de las Grullas y en las jornadas del día internacional del Tai Chi y artes internas para la salud.\nParticipa en el 1° Panamericano de Tai Chi del 2013 en Puerto Madryn.\nParticipa de la ceremonia Taoísta en diciembre de 2013 con el Maestro Lin Liang Meng.\nRealiza examen de nivel y egreso en 10 de mayo de 2014 y 17 de amyo de 2014.\"',87,8),(490,'En 2022 participó del seminario de Tui Shou',98,7),(491,'1° lugar en concurso Destrezas del Tai Chi Chuan de julio de 2020 (en aislamianto por pandemis Covid) NIvel Intermedio',98,8),(492,'Si',122,6),(493,'\"En  agosto de 2021 Curso Devenir Histórico del Taoísmo\nEvalúa como instructora el 15 de abril de 2023\"',131,7),(494,'\"Asistencia a las charlas de Historia de la Escuela Hung Lin en mayo de 2015.\n2° lugar en concurso Destrezas del Tai Chi Chuan de julio de 2020 (en aislamianto por pandemis Covid) NIvel Avanzado\"',131,8),(495,'\"Preparación Tradicional del Té 2005\n8 técnicas de Tui Na 2011\nSeminario de esfera Wu Tang de Tai Chi 2012\n2° congreso Hung Lin del estilo Yang 2012\nCurso de Tao y Tai Chi en la meditación 2013\nSeminario de abanico estilo Yang 2013\nActualmente en curso de Tui Shou 2014\nAprueba exámen de nivel y egreso como Shi Hing en mayo 2014. Recupera forma en la misma evaluación\nCurso de técnicas de instructorado dictado por el Maestro Héctor Durán Agra agosto septiembre de 2014\nEn abril de 2018 participo del curso sobre la preparción ceremonial del Té, Cha Shu. Se extendieron certificados de participación\"',152,7),(496,'\"Participa en diversos Encuentros de las Grullas y en las jornadas del día internacional del Tai Chi y artes internas para la salud.\nParticipa en el 1° Panamericano de Tai Chi del 2013 en Puerto Madryn.\nParticipa de la ceremonia Taoísta en diciembre de 2013 con el Maestro Lin Liang Meng.\nRealiza examen de nivel y egreso en 10 de mayo de 2014 y 17 de amyo de 2014.\nAsistencia a las charlas de Historia de la Escuela Hung Lin en mayo de 2015.\"',152,8),(497,'\"En abril de 2018 participo del curso sobre la preparción ceremonial del Té, Cha Shu. Se extendieron certificados de participación. \nEn  agosto de 2021 Curso Devenir Histórico del Taoísmo\"',159,7),(498,'\"Participa en el 1° Panamericano de Tai Chi del 2013 en Puerto Madryn.\nParticipa de la ceremonia Taoísta en diciembre de 2013 con el Maestro Lin Liang Meng.\nRealiza examen de nivel y egreso en 10 de mayo de 2014 y 17 de amyo de 2014.\nEn 2021 Curso de Historia del Taoísmo\"',159,8),(499,'\"8 técnicas de Tui Na 2011\nCircuitos de relajación de Tui Na 2011\nCurso de preparación del Té\n2° congreso Hung Lin del estilo Yang 2012\nCurso de Tao y Tai Chi en la meditación 2013\nSeminario de abanico estilo Yang 2013\nActualmente en curso de Tui Shou 2014\nAprueba exámen de nivel y egreso como Shi Hing en mayo 2014. Recupera forma en la misma evaluación\nCurso de técnicas de instructorado dictado por el Maestro Héctor Durán Agra agosto septiembre de 2014\nEn abril de 2018 participo del curso sobre la preparción ceremonial del Té, Cha Shu. Se extendieron certificados de participación\"',171,7),(500,'\"Participa en diversos Encuentros de las Grullas y en las jornadas del día internacional del Tai Chi y artes internas para la salud.\nParticipa en el 1° Panamericano de Tai Chi del 2013 en Puerto Madryn.\nParticipa de la ceremonia Taoísta en diciembre de 2013 con el Maestro Lin Liang Meng.\nRealiza examen de nivel y egreso en 10 de mayo de 2014 y 17 de amyo de 2014.\"',171,8),(501,'Si',202,6),(502,'No',203,6),(503,'No',204,6),(504,'En abril de 2018 participo del curso sobre la preparción ceremonial del Té, Cha Shu. Se extendieron certificados de participación',204,7),(505,'',205,6),(506,'No',206,6),(507,'En abril de 2018 participo del curso sobre la preparción ceremonial del Té, Cha Shu. Se extendieron certificados de participación',206,7),(508,'',207,6),(509,'\"Suspendió actividades el 5-mar.-2013 y retoma en marzo del 2018\nEn abril de 2018 participo del curso sobre la preparción ceremonial del Té, Cha Shu. Se extendieron certificados de participación\"',210,7),(510,'Si',213,6),(511,'En 2022 participó del seminario de Tui Shou',214,7),(512,'\"En abril de 2018 participo del curso sobre la preparción ceremonial del Té, Cha Shu. Se extendieron certificados de participación\nEn  agosto de 2021 Curso Devenir Histórico del Taoísmo\"',218,7),(513,'\"Participa y aprueba el curso de 8 tecnicas de masaje de Tui Na en septiembre de 2011\nParticipación en 2do. Congreso Hung LIn en diciembre de 2012\nParticipa de la ceremonia Taoísta en diciembre de 2013 con el Maestro Lin Liang Meng.\nParticipa Encuentro de las Grullas en Setiembre de 2013\nAprobación del Curso de Tao y Tai Chi en la meditación de diciembre de 2013\nParticipacion en seminario de tui shou del 2014\nParticipa en Encuentro de las Grullas en octubre de 2014\nAsistencia a las charlas de Historia de la Escuela Hung Lin en mayo de 2015.\nParticipación 3er. Congreso Hung LIn en Junio de 2015\nAprobación del Curso de Tui Na y Chang Ming en diciembre del 2015\nParticipación en seminario de práctica de Tui Shou de Julio de 2016\nParticipacion Encuentro de las Grullas septiembre 2016\nEn 2021 Curso de Historia del Taoísmo\nEn 2021 Curso Tai Chi Tsuo\"',218,8),(514,'8 técnicas de Tui Na 2011',220,7),(515,'\"Interrumpe la practica por un problema coronario en febrero del 2016\nRetoma las actividades de la práctica en agosto de 2016 y mantiene la continuidad y la voluntad de práctica\"',220,8),(516,'Si',221,6),(517,'\"8 técnicas de Tui Na 2011\n\"',223,7),(518,'No',226,6),(519,'No',227,6),(520,'No',228,6),(521,'\"En abril de 2018 participo del curso sobre la preparción ceremonial del Té, Cha Shu. Se extendieron certificados de participación\n2° Congreso Hung Lin del estilo Yang en dicembre de 2012\nCurso de Tao y Tai Chi en la meditación diciembre de 2013\nSeminario de Tui Shou 2014\n3° Congreso Hung Lin del estilo Yang en Junio de 2015\nParicipación de la Charla sobre Taoísmo en octubre de 2016\nParticipación en el Encuentro de Tui Shou de Noviembre de 2016\nEn 2022 participó del seminario de Tui Shou\nEn 2022 participó del seminario de Ta Liu\"',230,7),(522,'\"Asistencia a las charlas de Historia de la Escuela Hung Lin en mayo de 2015.\nParticipación en el Encuentro de las Grullas de los años 2013, 2015, 2016, 2017, 2019, 2020 y 2022\"',230,8),(523,'\"Curso T´ui Na Ia - (8 técnicas de masajes) - Septiembre de 2011\nCurso T´ui Na Ib - (Circuitos de relajación superior e inferior) - Noviembre de 2011\n2° Congreso Hung Lin del estilo Yang en dicembre de 2012\nCurso de Tao y Tai Chi en la meditación diciembre de 2013\nSeminario de Tui Shou 2014\n3° Congreso Hung Lin del estilo Yang en Junio de 2015\nCurso de Tui Na y Chang Ming en diciembre de 2015\nSeminario de Tui Shue en Julio de 2016\nParticipación en el Encuentro de Tui Shou de Noviembre de 2016\nSeminario de Tai Chi Shan - Yang Shi Julio de 2018\nEn abril de 2018 participo del curso sobre la preparción ceremonial del Té, Cha Shu. Se extendieron certificados de participación\nEn  agosto de 2021 Curso Devenir Histórico del Taoísmo\nEn 2021 Participó del curso de protocolo Hing Lin\nEn julio de 2022 participó de la Capacitación de Tui Shou\nEn 2022 participó del seminario de Ta Liu\nEvalúa como instructora el 15 de abril de 2023\"',232,7),(524,'\"Participa en el 1° Panamericano de Tai Chi del 2013 en Puerto Madryn.\nParticipa de la ceremonia Taoísta en diciembre de 2013 con el Maestro Lin Liang Meng.\nAsistencia a las charlas de Historia de la Escuela Hung Lin en mayo de 2015.\nParticipación en el Encuentro de las Grullas de los años 2013, 2014, 2015, 2016, 2017, 2018, 2019, 2020 y 2022\"',232,8),(525,'No',233,6),(526,'Si',238,6),(527,'',241,6),(528,'Si',242,6),(529,'\"En abril de 2018 participo del curso sobre la preparción ceremonial del Té, Cha Shu. Se extendieron certificados de participación\nEn 2021 Participó del curso de protocolo Hing Lin\nEn  agosto de 2021 Curso Devenir Histórico del Taoísmo\"',242,7),(530,'Curso T´ui Na Ia - (8 técnicas de masajes) - 2011',247,7),(531,'Asistencia a las charlas de Historia de la Escuela Hung Lin en mayo de 2015.',247,8),(532,'No',249,6),(533,'No',250,6),(534,'\"Interrumpe la practica desde agosto de 2013 hasta marzo del 2014\n\"',254,8),(535,'Asistencia a las charlas de Historia de la Escuela Hung Lin en mayo de 2015.',258,8),(536,'Asistencia a las charlas de Historia de la Escuela Hung Lin en mayo de 2015.',259,8),(537,'No',261,6),(538,'',262,6),(539,'',263,6),(540,'En abril de 2018 participo del curso sobre la preparción ceremonial del Té, Cha Shu. Se extendieron certificados de participación',263,7),(541,'En abril de 2018 participo del curso sobre la preparción ceremonial del Té, Cha Shu. Se extendieron certificados de participación',264,7),(542,'No',266,6),(543,'En abril de 2018 participo del curso sobre la preparción ceremonial del Té, Cha Shu. Se extendieron certificados de participación',266,7),(544,'Si',272,6),(545,'No',273,6),(546,'No',274,6),(547,'\"En abril de 2018 participo del curso sobre la preparción ceremonial del Té, Cha Shu. Se extendieron certificados de participación\nCurso de Tui Na y Chang Ming en diciembre de 2015\nParicipación de la Charla sobre Taoísmo en octubre de 2016\nSeminario de Tai Chi Shan - Yang Shi Julio de 2018\nEn  agosto de 2021 Curso Devenir Histórico del Taoísmo\nEn 2021 Participó del curso de protocolo Hing Lin\nEn 2022 participó del seminario de Tui Shou\nEn 2022 participó del seminario de Ta Liu\nEvalúa como instructora el 15 de abril de 2023\"',274,7),(548,'Participación en el Encuentro de las Grullas de los años 2015, 2016, 2017, 2018, y 2022',274,8),(549,'No',278,6),(550,'Interrumpe la práctica en junio de 2016',278,8),(551,'La fecha de baja no se recuerda',284,8),(552,'En abril de 2018 participo del curso sobre la preparción ceremonial del Té, Cha Shu. Se extendieron certificados de participación',288,7),(553,'No',289,6),(554,'Evalúa como instructora el 15 de abril de 2023',292,7),(555,'1° lugar en concurso Destrezas del Tai Chi Chuan de julio de 2020 (en aislamianto por pandemis Covid) NIvel Avanzado',292,8),(556,'En abril de 2018 participo del curso sobre la preparción ceremonial del Té, Cha Shu. Se extendieron certificados de participación',294,7),(557,'No',297,6),(558,'No',298,6),(559,'En 2022 participó del seminario de Tui Shou',298,7),(560,'No',299,6),(561,'2° lugar en concurso Destrezas del Tai Chi Chuan de julio de 2020 (en aislamianto por pandemis Covid) NIvel Intermedio',299,8),(562,'No',300,6),(563,'No',303,6),(564,'En 2022 participó del seminario de Tui Shou',303,7),(565,'No',304,6),(566,'No',306,6),(567,'En 2022 participó del seminario de Tui Shou',306,7),(568,'1° lugar en concurso Destrezas del Tai Chi Chuan de julio de 2020 (en aislamianto por pandemis Covid) NIvel Básico',307,8),(569,'No',308,6),(570,'En 2022 participó del seminario de Tui Shou',308,7),(571,'No',309,6),(572,'Si',317,6),(573,'Si',319,6),(574,'Si',320,6),(575,'No',321,6),(576,'Si',322,6),(577,'No',323,6),(578,'No',325,6),(579,'No',326,6),(580,'No',327,6);
/*!40000 ALTER TABLE `bosquetaoista_personaextra` ENABLE KEYS */;
UNLOCK TABLES;

--
-- Table structure for table `bosquetaoista_tipocursante`
--

DROP TABLE IF EXISTS `bosquetaoista_tipocursante`;
/*!40101 SET @saved_cs_client     = @@character_set_client */;
/*!50503 SET character_set_client = utf8mb4 */;
CREATE TABLE `bosquetaoista_tipocursante` (
  `id` bigint(20) NOT NULL AUTO_INCREMENT,
  `nombre` varchar(20) NOT NULL,
  PRIMARY KEY (`id`)
) ENGINE=InnoDB AUTO_INCREMENT=4 DEFAULT CHARSET=latin1 COLLATE=latin1_swedish_ci;
/*!40101 SET character_set_client = @saved_cs_client */;

--
-- Dumping data for table `bosquetaoista_tipocursante`
--

LOCK TABLES `bosquetaoista_tipocursante` WRITE;
/*!40000 ALTER TABLE `bosquetaoista_tipocursante` DISABLE KEYS */;
INSERT INTO `bosquetaoista_tipocursante` VALUES (1,'Anotado'),(2,'Finalizado'),(3,'No Finalizado');
/*!40000 ALTER TABLE `bosquetaoista_tipocursante` ENABLE KEYS */;
UNLOCK TABLES;

--
-- Table structure for table `bosquetaoista_tipodoc`
--

DROP TABLE IF EXISTS `bosquetaoista_tipodoc`;
/*!40101 SET @saved_cs_client     = @@character_set_client */;
/*!50503 SET character_set_client = utf8mb4 */;
CREATE TABLE `bosquetaoista_tipodoc` (
  `id` bigint(20) NOT NULL AUTO_INCREMENT,
  `nombre` varchar(20) NOT NULL,
  PRIMARY KEY (`id`)
) ENGINE=InnoDB AUTO_INCREMENT=4 DEFAULT CHARSET=latin1 COLLATE=latin1_swedish_ci;
/*!40101 SET character_set_client = @saved_cs_client */;

--
-- Dumping data for table `bosquetaoista_tipodoc`
--

LOCK TABLES `bosquetaoista_tipodoc` WRITE;
/*!40000 ALTER TABLE `bosquetaoista_tipodoc` DISABLE KEYS */;
INSERT INTO `bosquetaoista_tipodoc` VALUES (1,'DNI'),(2,'CI'),(3,'PASAPORTE');
/*!40000 ALTER TABLE `bosquetaoista_tipodoc` ENABLE KEYS */;
UNLOCK TABLES;

--
-- Table structure for table `bosquetaoista_tipoestado`
--

DROP TABLE IF EXISTS `bosquetaoista_tipoestado`;
/*!40101 SET @saved_cs_client     = @@character_set_client */;
/*!50503 SET character_set_client = utf8mb4 */;
CREATE TABLE `bosquetaoista_tipoestado` (
  `id` bigint(20) NOT NULL AUTO_INCREMENT,
  `nombre` varchar(20) NOT NULL,
  PRIMARY KEY (`id`)
) ENGINE=InnoDB AUTO_INCREMENT=4 DEFAULT CHARSET=latin1 COLLATE=latin1_swedish_ci;
/*!40101 SET character_set_client = @saved_cs_client */;

--
-- Dumping data for table `bosquetaoista_tipoestado`
--

LOCK TABLES `bosquetaoista_tipoestado` WRITE;
/*!40000 ALTER TABLE `bosquetaoista_tipoestado` DISABLE KEYS */;
INSERT INTO `bosquetaoista_tipoestado` VALUES (1,'Activo'),(2,'No Activo'),(3,'Fallecido');
/*!40000 ALTER TABLE `bosquetaoista_tipoestado` ENABLE KEYS */;
UNLOCK TABLES;

--
-- Table structure for table `bosquetaoista_tipoevento`
--

DROP TABLE IF EXISTS `bosquetaoista_tipoevento`;
/*!40101 SET @saved_cs_client     = @@character_set_client */;
/*!50503 SET character_set_client = utf8mb4 */;
CREATE TABLE `bosquetaoista_tipoevento` (
  `id` bigint(20) NOT NULL AUTO_INCREMENT,
  `nombre` varchar(20) NOT NULL,
  `descripcion` varchar(200) NOT NULL,
  PRIMARY KEY (`id`)
) ENGINE=InnoDB AUTO_INCREMENT=4 DEFAULT CHARSET=latin1 COLLATE=latin1_swedish_ci;
/*!40101 SET character_set_client = @saved_cs_client */;

--
-- Dumping data for table `bosquetaoista_tipoevento`
--

LOCK TABLES `bosquetaoista_tipoevento` WRITE;
/*!40000 ALTER TABLE `bosquetaoista_tipoevento` DISABLE KEYS */;
INSERT INTO `bosquetaoista_tipoevento` VALUES (1,'Cursos','Cursos'),(2,'Actividades','Actividades'),(3,'Prácticas','Prácticas');
/*!40000 ALTER TABLE `bosquetaoista_tipoevento` ENABLE KEYS */;
UNLOCK TABLES;

--
-- Table structure for table `bosquetaoista_tipoextra`
--

DROP TABLE IF EXISTS `bosquetaoista_tipoextra`;
/*!40101 SET @saved_cs_client     = @@character_set_client */;
/*!50503 SET character_set_client = utf8mb4 */;
CREATE TABLE `bosquetaoista_tipoextra` (
  `id` bigint(20) NOT NULL AUTO_INCREMENT,
  `nombre` varchar(20) NOT NULL,
  `descripcion` varchar(200) NOT NULL,
  PRIMARY KEY (`id`)
) ENGINE=InnoDB AUTO_INCREMENT=9 DEFAULT CHARSET=latin1 COLLATE=latin1_swedish_ci;
/*!40101 SET character_set_client = @saved_cs_client */;

--
-- Dumping data for table `bosquetaoista_tipoextra`
--

LOCK TABLES `bosquetaoista_tipoextra` WRITE;
/*!40000 ALTER TABLE `bosquetaoista_tipoextra` DISABLE KEYS */;
INSERT INTO `bosquetaoista_tipoextra` VALUES (1,'Seudónimo Chino','Nombre del instructor en Chino'),(2,'Prác. Marcial Previa','Práctica Marcial Previa'),(3,'Datos Relevantes','Dato Relevante'),(4,'Como nos Conocio','Como nos conocio'),(5,'Instructor padre','Instructor que guía o que gradúa a un alumno'),(6,'Certificado Médico','Certificado Médico'),(7,'Hist. Cursos Aprob.','Hist. Cursos Aprobados cargados en forma Automática'),(8,'Hist. Otras Activ.','Hist. Otras Actividades cargadas en forma Automática');
/*!40000 ALTER TABLE `bosquetaoista_tipoextra` ENABLE KEYS */;
UNLOCK TABLES;

--
-- Table structure for table `django_admin_log`
--

DROP TABLE IF EXISTS `django_admin_log`;
/*!40101 SET @saved_cs_client     = @@character_set_client */;
/*!50503 SET character_set_client = utf8mb4 */;
CREATE TABLE `django_admin_log` (
  `id` int(11) NOT NULL AUTO_INCREMENT,
  `action_time` datetime(6) NOT NULL,
  `object_id` longtext DEFAULT NULL,
  `object_repr` varchar(200) NOT NULL,
  `action_flag` smallint(5) unsigned NOT NULL CHECK (`action_flag` >= 0),
  `change_message` longtext NOT NULL,
  `content_type_id` int(11) DEFAULT NULL,
  `user_id` int(11) NOT NULL,
  PRIMARY KEY (`id`),
  KEY `django_admin_log_content_type_id_c4bce8eb_fk_django_co` (`content_type_id`),
  KEY `django_admin_log_user_id_c564eba6_fk_auth_user_id` (`user_id`),
  CONSTRAINT `django_admin_log_content_type_id_c4bce8eb_fk_django_co` FOREIGN KEY (`content_type_id`) REFERENCES `django_content_type` (`id`),
  CONSTRAINT `django_admin_log_user_id_c564eba6_fk_auth_user_id` FOREIGN KEY (`user_id`) REFERENCES `auth_user` (`id`)
) ENGINE=InnoDB AUTO_INCREMENT=4 DEFAULT CHARSET=latin1 COLLATE=latin1_swedish_ci;
/*!40101 SET character_set_client = @saved_cs_client */;

--
-- Dumping data for table `django_admin_log`
--

LOCK TABLES `django_admin_log` WRITE;
/*!40000 ALTER TABLE `django_admin_log` DISABLE KEYS */;
INSERT INTO `django_admin_log` VALUES (1,'2024-06-03 15:18:11.612595','3','Fallecido',1,'[{\"added\": {}}]',12,2),(2,'2024-07-23 17:36:59.208489','2','erichard',2,'[{\"changed\": {\"fields\": [\"password\"]}}]',4,3),(3,'2024-07-23 17:38:28.338156','2','erichard',2,'[{\"changed\": {\"fields\": [\"password\"]}}]',4,3);
/*!40000 ALTER TABLE `django_admin_log` ENABLE KEYS */;
UNLOCK TABLES;

--
-- Table structure for table `django_content_type`
--

DROP TABLE IF EXISTS `django_content_type`;
/*!40101 SET @saved_cs_client     = @@character_set_client */;
/*!50503 SET character_set_client = utf8mb4 */;
CREATE TABLE `django_content_type` (
  `id` int(11) NOT NULL AUTO_INCREMENT,
  `app_label` varchar(100) NOT NULL,
  `model` varchar(100) NOT NULL,
  PRIMARY KEY (`id`),
  UNIQUE KEY `django_content_type_app_label_model_76bd3d3b_uniq` (`app_label`,`model`)
) ENGINE=InnoDB AUTO_INCREMENT=21 DEFAULT CHARSET=latin1 COLLATE=latin1_swedish_ci;
/*!40101 SET character_set_client = @saved_cs_client */;

--
-- Dumping data for table `django_content_type`
--

LOCK TABLES `django_content_type` WRITE;
/*!40000 ALTER TABLE `django_content_type` DISABLE KEYS */;
INSERT INTO `django_content_type` VALUES (1,'admin','logentry'),(3,'auth','group'),(2,'auth','permission'),(4,'auth','user'),(16,'bosquetaoista','agenda'),(7,'bosquetaoista','casa'),(17,'bosquetaoista','cursante'),(8,'bosquetaoista','evento'),(20,'bosquetaoista','frase'),(9,'bosquetaoista','grado'),(15,'bosquetaoista','persona'),(18,'bosquetaoista','personaextra'),(19,'bosquetaoista','tabla'),(10,'bosquetaoista','tipocursante'),(11,'bosquetaoista','tipodoc'),(12,'bosquetaoista','tipoestado'),(13,'bosquetaoista','tipoevento'),(14,'bosquetaoista','tipoextra'),(5,'contenttypes','contenttype'),(6,'sessions','session');
/*!40000 ALTER TABLE `django_content_type` ENABLE KEYS */;
UNLOCK TABLES;

--
-- Table structure for table `django_migrations`
--

DROP TABLE IF EXISTS `django_migrations`;
/*!40101 SET @saved_cs_client     = @@character_set_client */;
/*!50503 SET character_set_client = utf8mb4 */;
CREATE TABLE `django_migrations` (
  `id` bigint(20) NOT NULL AUTO_INCREMENT,
  `app` varchar(255) NOT NULL,
  `name` varchar(255) NOT NULL,
  `applied` datetime(6) NOT NULL,
  PRIMARY KEY (`id`)
) ENGINE=InnoDB AUTO_INCREMENT=46 DEFAULT CHARSET=latin1 COLLATE=latin1_swedish_ci;
/*!40101 SET character_set_client = @saved_cs_client */;

--
-- Dumping data for table `django_migrations`
--

LOCK TABLES `django_migrations` WRITE;
/*!40000 ALTER TABLE `django_migrations` DISABLE KEYS */;
INSERT INTO `django_migrations` VALUES (1,'contenttypes','0001_initial','2024-05-23 14:44:03.298823'),(2,'auth','0001_initial','2024-05-23 14:44:03.988235'),(3,'admin','0001_initial','2024-05-23 14:44:04.167756'),(4,'admin','0002_logentry_remove_auto_add','2024-05-23 14:44:04.217124'),(5,'admin','0003_logentry_add_action_flag_choices','2024-05-23 14:44:04.252779'),(6,'contenttypes','0002_remove_content_type_name','2024-05-23 14:44:04.424260'),(7,'auth','0002_alter_permission_name_max_length','2024-05-23 14:44:04.488916'),(8,'auth','0003_alter_user_email_max_length','2024-05-23 14:44:04.538711'),(9,'auth','0004_alter_user_username_opts','2024-05-23 14:44:04.579666'),(10,'auth','0005_alter_user_last_login_null','2024-05-23 14:44:04.639087'),(11,'auth','0006_require_contenttypes_0002','2024-05-23 14:44:04.662286'),(12,'auth','0007_alter_validators_add_error_messages','2024-05-23 14:44:04.697655'),(13,'auth','0008_alter_user_username_max_length','2024-05-23 14:44:04.758125'),(14,'auth','0009_alter_user_last_name_max_length','2024-05-23 14:44:04.833676'),(15,'auth','0010_alter_group_name_max_length','2024-05-23 14:44:04.905332'),(16,'auth','0011_update_proxy_permissions','2024-05-23 14:44:05.014361'),(17,'auth','0012_alter_user_first_name_max_length','2024-05-23 14:44:05.071028'),(18,'bosquetaoista','0001_initial','2024-05-23 14:44:06.124582'),(19,'bosquetaoista','0002_tipos','2024-05-23 14:44:06.176723'),(20,'bosquetaoista','0003_rename_tipos_tablas','2024-05-23 14:44:06.346808'),(21,'bosquetaoista','0004_delete_tablas','2024-05-23 14:44:06.396368'),(22,'sessions','0001_initial','2024-05-23 14:44:06.492611'),(23,'bosquetaoista','0005_alter_personaextra_comentario','2024-05-28 21:25:31.939389'),(24,'bosquetaoista','0006_alter_personaextra_comentario','2024-05-28 21:27:54.782929'),(25,'bosquetaoista','0007_persona_imagen','2024-06-08 21:56:30.045431'),(26,'bosquetaoista','0008_alter_persona_imagen','2024-06-10 15:15:05.802884'),(27,'bosquetaoista','0009_alter_persona_imagen','2024-06-10 15:15:05.923279'),(28,'bosquetaoista','0010_alter_persona_imagen','2024-06-10 15:15:06.041828'),(29,'bosquetaoista','0011_alter_persona_imagen','2024-06-10 15:15:06.175839'),(30,'bosquetaoista','0012_alter_persona_imagen','2024-06-10 15:24:54.900642'),(31,'bosquetaoista','0013_alter_persona_imagen','2024-06-10 17:06:27.136512'),(32,'bosquetaoista','0014_alter_persona_imagen','2024-06-10 17:06:27.231906'),(33,'bosquetaoista','0015_rename_imagen_persona_foto','2024-06-10 17:06:27.304006'),(34,'bosquetaoista','0016_alter_agenda_orador','2024-06-12 14:39:07.773909'),(35,'bosquetaoista','0017_alter_agenda_orador','2024-06-12 14:39:07.956959'),(36,'bosquetaoista','0018_tabla','2024-06-13 18:56:42.039423'),(37,'bosquetaoista','0019_tabla_codigo','2024-06-13 18:56:42.139067'),(38,'bosquetaoista','0020_remove_tabla_codigo','2024-06-13 18:56:42.176992'),(39,'bosquetaoista','0021_tabla_codigo_tabla_nombre','2024-06-13 18:56:42.245025'),(40,'bosquetaoista','0022_delete_tabla','2024-06-13 18:56:42.298758'),(41,'bosquetaoista','0023_tabla','2024-06-15 18:45:31.718211'),(42,'bosquetaoista','0024_delete_tabla','2024-06-15 18:54:23.953073'),(43,'bosquetaoista','0025_alter_persona_foto','2024-06-19 18:27:03.528485'),(44,'bosquetaoista','0026_frase','2024-06-26 13:14:43.821535'),(45,'bosquetaoista','0027_alter_frase_detalle_alter_frase_frase','2024-06-26 14:41:20.889853');
/*!40000 ALTER TABLE `django_migrations` ENABLE KEYS */;
UNLOCK TABLES;

--
-- Table structure for table `django_session`
--

DROP TABLE IF EXISTS `django_session`;
/*!40101 SET @saved_cs_client     = @@character_set_client */;
/*!50503 SET character_set_client = utf8mb4 */;
CREATE TABLE `django_session` (
  `session_key` varchar(40) NOT NULL,
  `session_data` longtext NOT NULL,
  `expire_date` datetime(6) NOT NULL,
  PRIMARY KEY (`session_key`),
  KEY `django_session_expire_date_a5c62663` (`expire_date`)
) ENGINE=InnoDB DEFAULT CHARSET=latin1 COLLATE=latin1_swedish_ci;
/*!40101 SET character_set_client = @saved_cs_client */;

--
-- Dumping data for table `django_session`
--

LOCK TABLES `django_session` WRITE;
/*!40000 ALTER TABLE `django_session` DISABLE KEYS */;
INSERT INTO `django_session` VALUES ('4bjeq3npax99zsbk0f63xmvxfee5l14g','.eJxVjLsOAiEUBf-F2hAeImBp7zeQ-wBZNZAsu5Xx33WTLbQ9M3NeIsG61LSOPKeJxVkYcfjdEOiR2wb4Du3WJfW2zBPKTZE7HfLaOT8vu_t3UGHUb52P0fsSMZbgnFKIJ4WaHAUEphjYOLZYdFCQbeaClgKxgcg-RO09iPcH_sk41Q:1sGN1r:rKTuBHapWR56DNgZdS4JUsBpS05HxLgW6U-Onlqkgik','2024-06-23 18:12:31.163309'),('6f4kofjob1cli6xretp86c8akvie6sfv','.eJxVjLsOAiEUBf-F2hAeImBp7zeQ-wBZNZAsu5Xx33WTLbQ9M3NeIsG61LSOPKeJxVkYcfjdEOiR2wb4Du3WJfW2zBPKTZE7HfLaOT8vu_t3UGHUb52P0fsSMZbgnFKIJ4WaHAUEphjYOLZYdFCQbeaClgKxgcg-RO09iPcH_sk41Q:1sK4wi:gQt0wZLB_9-XQ2QSS2SIq2-v_kWMCEagb_UILMFLj8k','2024-07-03 23:42:32.464154'),('9z8geoadoxe3j1kgvimdfre7h3qfdugl','.eJxVjLsOAiEUBf-F2hAeImBp7zeQ-wBZNZAsu5Xx33WTLbQ9M3NeIsG61LSOPKeJxVkYcfjdEOiR2wb4Du3WJfW2zBPKTZE7HfLaOT8vu_t3UGHUb52P0fsSMZbgnFKIJ4WaHAUEphjYOLZYdFCQbeaClgKxgcg-RO09iPcH_sk41Q:1sHsZN:VurkCcNGZ7LIcVo25ZF-7USdiji04n9MhdQHg0WET-4','2024-06-27 22:05:21.342647'),('c6dqzf6b2to45um8lrpwnormyx1835nh','.eJxVjLsOAiEUBf-F2hAeImBp7zeQ-wBZNZAsu5Xx33WTLbQ9M3NeIsG61LSOPKeJxVkYcfjdEOiR2wb4Du3WJfW2zBPKTZE7HfLaOT8vu_t3UGHUb52P0fsSMZbgnFKIJ4WaHAUEphjYOLZYdFCQbeaClgKxgcg-RO09iPcH_sk41Q:1sK00z:Nwe0N94Hv-I1V0A8AxYcS9Y7XAtkSygmrb8hhroW59c','2024-07-03 18:26:37.799656'),('c6z7x4te1w9x3jwv5xb5ypqh8euuckkr','.eJxVjLsOAiEUBf-F2hAeImBp7zeQ-wBZNZAsu5Xx33WTLbQ9M3NeIsG61LSOPKeJxVkYcfjdEOiR2wb4Du3WJfW2zBPKTZE7HfLaOT8vu_t3UGHUb52P0fsSMZbgnFKIJ4WaHAUEphjYOLZYdFCQbeaClgKxgcg-RO09iPcH_sk41Q:1sE81L:b3m4dFk6cDZ4UESTbCs1uRV_jXBqlz33aQjJCndmEn8','2024-06-17 13:46:43.930574'),('dopp1phe1wotx29oh25t54necslby1yh','.eJxVjLsOAiEUBf-F2hAeImBp7zeQ-wBZNZAsu5Xx33WTLbQ9M3NeIsG61LSOPKeJxVkYcfjdEOiR2wb4Du3WJfW2zBPKTZE7HfLaOT8vu_t3UGHUb52P0fsSMZbgnFKIJ4WaHAUEphjYOLZYdFCQbeaClgKxgcg-RO09iPcH_sk41Q:1sBxPE:yuWCrdAUiTz3Jm4OqvhZnMYDHrMH7nV0cdcW2eWp2Tc','2024-06-11 14:02:24.679182'),('efhopg0ddebdl020qdxz9fz4fz8sf71v','.eJxVjLsOAiEUBf-F2hAeImBp7zeQ-wBZNZAsu5Xx33WTLbQ9M3NeIsG61LSOPKeJxVkYcfjdEOiR2wb4Du3WJfW2zBPKTZE7HfLaOT8vu_t3UGHUb52P0fsSMZbgnFKIJ4WaHAUEphjYOLZYdFCQbeaClgKxgcg-RO09iPcH_sk41Q:1sGhSj:tXa17tY-VUQcFmtrWbFGU7kDzyy1D_qHVB2-960947g','2024-06-24 16:01:37.665863'),('eykvslz9ywx2xxifyavc8cgl4stv11o0','.eJxVjLsOAiEUBf-F2hAeImBp7zeQ-wBZNZAsu5Xx33WTLbQ9M3NeIsG61LSOPKeJxVkYcfjdEOiR2wb4Du3WJfW2zBPKTZE7HfLaOT8vu_t3UGHUb52P0fsSMZbgnFKIJ4WaHAUEphjYOLZYdFCQbeaClgKxgcg-RO09iPcH_sk41Q:1sFCeB:ieLsy84-oY77mFoL2YeTXYXlCkFKVoo-ir6rlLbK4Gk','2024-06-20 12:55:15.575279'),('furdnkphcf1poof85480wkmdh762v9na','.eJxVjEEOwiAQRe_C2hCmCowu3XsGMsyAVA0kpV0Z726bdKHb997_bxVomUtYeprCKOqiBnX4ZZH4meom5EH13jS3Ok9j1Fuid9v1rUl6Xff276BQL-saLQoYQUZ2jp3xkb0BGYwwgs-IJ_FClsEiOefjSqw9Axk4Wsopq88X1tI3tA:1sAaqn:IDjroHbR3bfmt9KXXHrBIqEtFgQYWLKIQxJ_9dWEQLA','2024-06-07 19:45:13.681086'),('g74usyumaklbg8brj04pf0lkrr2uw1v5','.eJxVjLsOAiEUBf-F2hAeImBp7zeQ-wBZNZAsu5Xx33WTLbQ9M3NeIsG61LSOPKeJxVkYcfjdEOiR2wb4Du3WJfW2zBPKTZE7HfLaOT8vu_t3UGHUb52P0fsSMZbgnFKIJ4WaHAUEphjYOLZYdFCQbeaClgKxgcg-RO09iPcH_sk41Q:1sJaMT:BhyOEZmeR6-ivq9FqoRxhzfjsRcRPG-SsPefIL5edt4','2024-07-02 15:03:05.538069'),('gms0zh41smfnka6l4z1mxhyswtqbz6ih','.eJxVjLsOAiEUBf-F2hAeImBp7zeQ-wBZNZAsu5Xx33WTLbQ9M3NeIsG61LSOPKeJxVkYcfjdEOiR2wb4Du3WJfW2zBPKTZE7HfLaOT8vu_t3UGHUb52P0fsSMZbgnFKIJ4WaHAUEphjYOLZYdFCQbeaClgKxgcg-RO09iPcH_sk41Q:1sMTqa:7rFrsvGz4AuaDLV0VJe9ryVJXSx9N-4zGU1s8rzCd84','2024-07-10 14:42:08.156858'),('gtk5xdx6wbnvze2zw6f56dko10ugbus4','.eJxVjEEOwiAQRe_C2pACbQdcuvcMZIYZpGpoUtqV8e7apAvd_vfef6mI21ri1mSJE6uzcur0uxGmh9Qd8B3rbdZprusykd4VfdCmrzPL83K4fwcFW_nWFsQB9p1PWULwo4VkjOkcMnGwZBCdDISe--xx9BlEHDFlT2CNgUG9P-vhOGU:1sEfaG:8csECxX_0_fV65l5mfrt4XNpoexHteN-FWQyBXcesXc','2024-06-19 01:37:00.672006'),('gyus2mflz9qfspqkvjxcjrna8qe1h4er','.eJxVjLsOAiEUBf-F2hAeImBp7zeQ-wBZNZAsu5Xx33WTLbQ9M3NeIsG61LSOPKeJxVkYcfjdEOiR2wb4Du3WJfW2zBPKTZE7HfLaOT8vu_t3UGHUb52P0fsSMZbgnFKIJ4WaHAUEphjYOLZYdFCQbeaClgKxgcg-RO09iPcH_sk41Q:1sGf5H:Kso3J_iYPTXzSl7AR4YlkBokwNAfZlze3Z4jlCv3Jlg','2024-06-24 13:29:15.938126'),('omfemca6ewzark40l8smj82a5lglxgg1','.eJxVjEEOwiAQRe_C2pACbQdcuvcMZIYZpGpoUtqV8e7apAvd_vfef6mI21ri1mSJE6uzcur0uxGmh9Qd8B3rbdZprusykd4VfdCmrzPL83K4fwcFW_nWFsQB9p1PWULwo4VkjOkcMnGwZBCdDISe--xx9BlEHDFlT2CNgUG9P-vhOGU:1sJaYe:wlkBqft0kewqgkzjrik1Bk6U-nIm4PyLvY2SXkhuVng','2024-07-02 15:15:40.773421'),('os1378rmgnf4heb1p4qbcyzem9odvvio','.eJxVjLsOAiEUBf-F2hAeImBp7zeQ-wBZNZAsu5Xx33WTLbQ9M3NeIsG61LSOPKeJxVkYcfjdEOiR2wb4Du3WJfW2zBPKTZE7HfLaOT8vu_t3UGHUb52P0fsSMZbgnFKIJ4WaHAUEphjYOLZYdFCQbeaClgKxgcg-RO09iPcH_sk41Q:1sI6og:HLABYtzDBJJJpbMI_lXjJIALpRHMazwzcTLcaEv71Hs','2024-06-28 13:18:06.024776'),('spk2innz3wg37d6u8b6pxr0f4a0603yi','.eJxVjLsOAiEUBf-F2hAeImBp7zeQ-wBZNZAsu5Xx33WTLbQ9M3NeIsG61LSOPKeJxVkYcfjdEOiR2wb4Du3WJfW2zBPKTZE7HfLaOT8vu_t3UGHUb52P0fsSMZbgnFKIJ4WaHAUEphjYOLZYdFCQbeaClgKxgcg-RO09iPcH_sk41Q:1sJaMT:BhyOEZmeR6-ivq9FqoRxhzfjsRcRPG-SsPefIL5edt4','2024-07-02 15:03:05.691633'),('tdq4c9kp7cj1nvz4ab516p6ru0g8bno5','.eJxVjLsOAiEUBf-F2hAeImBp7zeQ-wBZNZAsu5Xx33WTLbQ9M3NeIsG61LSOPKeJxVkYcfjdEOiR2wb4Du3WJfW2zBPKTZE7HfLaOT8vu_t3UGHUb52P0fsSMZbgnFKIJ4WaHAUEphjYOLZYdFCQbeaClgKxgcg-RO09iPcH_sk41Q:1sNaIX:LO44VXdTgdESB3JeqCQcLRCJzmszXUs7kDMD-ayBOYA','2024-07-13 15:47:33.493883'),('tm2kt6xfak6lmaq7tgr4ct2sljtbfqw1','.eJxVjLsOAiEUBf-F2hAeImBp7zeQ-wBZNZAsu5Xx33WTLbQ9M3NeIsG61LSOPKeJxVkYcfjdEOiR2wb4Du3WJfW2zBPKTZE7HfLaOT8vu_t3UGHUb52P0fsSMZbgnFKIJ4WaHAUEphjYOLZYdFCQbeaClgKxgcg-RO09iPcH_sk41Q:1sCjTp:UKdAuBhZrQD1HJeTqNOpyy10TfU0zbn9WPFIcK7ffAA','2024-06-13 17:22:21.252868'),('ugh9r8khsm45z2s3liz0a6x8npegceyh','.eJxVjLsOAiEUBf-F2hAeImBp7zeQ-wBZNZAsu5Xx33WTLbQ9M3NeIsG61LSOPKeJxVkYcfjdEOiR2wb4Du3WJfW2zBPKTZE7HfLaOT8vu_t3UGHUb52P0fsSMZbgnFKIJ4WaHAUEphjYOLZYdFCQbeaClgKxgcg-RO09iPcH_sk41Q:1sJtqI:yjRO4_y-Aa94T5B7nu31UoBYR-esiGhqjPQqIpWDY3Y','2024-07-03 11:51:10.013193'),('uox9l66n5ptp6jozsws96z1vorpdi9tg','.eJxVjLsOAiEUBf-F2hAeImBp7zeQ-wBZNZAsu5Xx33WTLbQ9M3NeIsG61LSOPKeJxVkYcfjdEOiR2wb4Du3WJfW2zBPKTZE7HfLaOT8vu_t3UGHUb52P0fsSMZbgnFKIJ4WaHAUEphjYOLZYdFCQbeaClgKxgcg-RO09iPcH_sk41Q:1sH3mi:I8hMq3Xs1sqHxfXHo_tCZGDGlRgHy5Gi9edXi_2M-z0','2024-06-25 15:51:44.344011'),('v32s1jq4v2e6g25p8s6j2mwyissta02h','.eJxVjLsOAiEUBf-F2hAeImBp7zeQ-wBZNZAsu5Xx33WTLbQ9M3NeIsG61LSOPKeJxVkYcfjdEOiR2wb4Du3WJfW2zBPKTZE7HfLaOT8vu_t3UGHUb52P0fsSMZbgnFKIJ4WaHAUEphjYOLZYdFCQbeaClgKxgcg-RO09iPcH_sk41Q:1sHP9p:uq6SeZHlr8PHQPrQyCGz0589g20Dx2YYbkYXMFrdCmg','2024-06-26 14:41:01.435266'),('xispeogfvk7uhljgpgn1553c075spxt7','.eJxVjLsOAiEUBf-F2hAeImBp7zeQ-wBZNZAsu5Xx33WTLbQ9M3NeIsG61LSOPKeJxVkYcfjdEOiR2wb4Du3WJfW2zBPKTZE7HfLaOT8vu_t3UGHUb52P0fsSMZbgnFKIJ4WaHAUEphjYOLZYdFCQbeaClgKxgcg-RO09iPcH_sk41Q:1sFGdO:tJzGwFRCiwlpPnoIz14haewWy5X3QwC1d6T0cOOA2Sg','2024-06-20 17:10:42.791936'),('ykju074ptoeoq2j3u5swjmeaj0psebr2','.eJxVjEEOwiAQRe_C2hCmCowu3XsGMsyAVA0kpV0Z726bdKHb997_bxVomUtYeprCKOqiBnX4ZZH4meom5EH13jS3Ok9j1Fuid9v1rUl6Xff276BQL-saLQoYQUZ2jp3xkb0BGYwwgs-IJ_FClsEiOefjSqw9Axk4Wsopq88X1tI3tA:1sAC77:twsfHoqtfWsmQ7m6XgZNTxufKQ3OljTsDx4fd-CtXGE','2024-06-06 17:20:25.012324'),('zdzm5m1th5wzxswhq0hno0z78i1fbyz4','.eJxVjEEOwiAQRe_C2pACbQdcuvcMZIYZpGpoUtqV8e7apAvd_vfef6mI21ri1mSJE6uzcur0uxGmh9Qd8B3rbdZprusykd4VfdCmrzPL83K4fwcFW_nWFsQB9p1PWULwo4VkjOkcMnGwZBCdDISe--xx9BlEHDFlT2CNgUG9P-vhOGU:1sNhe2:Q8IonQkJMKJJMi9xHxbgo6J_tHW7si8b0xqKY1gMUmo','2024-07-13 23:38:14.981456');
/*!40000 ALTER TABLE `django_session` ENABLE KEYS */;
UNLOCK TABLES;
/*!40103 SET TIME_ZONE=@OLD_TIME_ZONE */;

/*!40101 SET SQL_MODE=@OLD_SQL_MODE */;
/*!40014 SET FOREIGN_KEY_CHECKS=@OLD_FOREIGN_KEY_CHECKS */;
/*!40014 SET UNIQUE_CHECKS=@OLD_UNIQUE_CHECKS */;
/*!40101 SET CHARACTER_SET_CLIENT=@OLD_CHARACTER_SET_CLIENT */;
/*!40101 SET CHARACTER_SET_RESULTS=@OLD_CHARACTER_SET_RESULTS */;
/*!40101 SET COLLATION_CONNECTION=@OLD_COLLATION_CONNECTION */;
/*!40111 SET SQL_NOTES=@OLD_SQL_NOTES */;

-- Dump completed on 2024-08-05 17:58:43
